Reporter Name;Partner Name;Trade Flow;Product Group;Indicator;1994;1995;1996;1997;1998;1999;2000;2001;2002;2003;2004;2005;2006;2007;2008;2009;2010;2011;2012;2013;2014;2015;2016;2017;2018;2019
Italy;Afghanistan;Export;  All Products;Export (US$ Thousand);1835,093;1659,508;2790,5;1152,369;914,189;1164,722;1053,252;1332,487;7327,681;19757,218;24702,249;26697,423;16204,156;26867,958;23986,223;49998,51;33992,478;37850,004;30399,341;37446,844;9455,829;8840,493827;10988,37291;18783,39983;13243,83437;13578,65899
Italy;Albania;Export;  All Products;Export (US$ Thousand);214502,352;312810,72;450449,6;234772,544;302244,928;309659,164;340643,383;418183,046;515083,934;625090,192;723930,621;758167,481;844293,3;1113514,818;1366319,698;1147290,701;1276720,336;1590141,858;1631199,359;1619900,782;1687158,845;1432827,398;1400345,762;1535054,35;1675575,171;1517892,408
Italy;Algeria;Export;  All Products;Export (US$ Thousand);934303,616;789403,392;734479,104;706945,536;875414,144;769252,776;791557,985;924030,09;1170680,1;1320352,044;1533491,393;1662249,909;1948012,358;2518691,672;4402727,926;3598025,132;3794070,394;4181947,262;4864907,254;5661870,509;5730037,037;4596283,059;4107150,135;3585183,905;3650128,797;3268810,548
Italy;American Samoa;Export;  All Products;Export (US$ Thousand);;;;;;;;;158,159;271,408;495,067;447,159;215,292;218,794;413,554;540,094;156,631;254,468;207,369;1339,088;185,125;469,9534949;193,2119076;488,9809737;331,0650438;192,5027709
Italy;Andorra;Export;  All Products;Export (US$ Thousand);21522,954;27574,306;26191,26;22248,828;27855,538;29736,188;25972,897;24385,973;24577,57;36203,709;41035,535;47271,637;43780,723;41714,976;42623,705;28692,146;25101,971;26262,781;18388,356;19237,412;19566,236;16458,741;23584,88665;29187,43125;26950,39068;26138,28286
Italy;Angola;Export;  All Products;Export (US$ Thousand);32738,78;42179,44;58128,712;54778,816;74603,736;55641,98;64133,451;106517,575;107101,745;103833,501;124032,157;164325,889;186567,836;267165,542;325895,321;709240,768;298703,902;332768,768;362790,943;460111,735;528660,119;285807,201;208439,421;317635,7157;235983,413;231464,5801
Italy;Anguila;Export;  All Products;Export (US$ Thousand);491,637;396,485;511,622;819,349;728,997;1493,157;831,14;1272,943;983,022;899,911;1044,191;749,36;3401,716;5182,661;1666,995;42429,308;754,102;814,373;1885,387;46458,358;1134,408;1210,538944;913,930473;288,904272;1861,649234;948,7672553
Italy;Antarctica;Export;  All Products;Export (US$ Thousand);;;;;;;3903,741;;;;;;1,138;;;;;;;;;;;;;
Italy;Antigua and Barbuda;Export;  All Products;Export (US$ Thousand);5800,245;6619,688;3490,88;4802,285;2572,311;3037,563;28607,256;3075,358;2664,854;4129,923;7342,841;9903,246;10235,556;65755,433;25503,971;6006,639;4781,346;5658,68;4730,824;6644,903;5770,499;6104,592412;4918,464784;10300,37591;8116,312979;10199,85925
Italy;Argentina;Export;  All Products;Export (US$ Thousand);1405411,2;1334995,584;1622798,208;1738716,8;1665911,936;1350421,239;997862,678;809796,517;287838,054;478026,28;700830,868;783559,119;957065,071;1166628,471;1287148,009;819180,267;1245059,755;1491000,008;1309124,038;1443252,242;1368094,925;1177612,541;1275767,284;1521056,854;1349282,373;986057,7415
Italy;Armenia;Export;  All Products;Export (US$ Thousand);6565,291;5219,276;12487,491;17101,842;21789,278;22474,898;28188,891;30248,065;35341,778;50701,451;65774,764;81708,055;108774,763;128077,912;153595,287;107598,984;117171,699;142003,129;154377,485;146993,112;170507,127;120213,5728;104562,8447;132565,7812;164720,8047;165150,0428
Italy;Aruba;Export;  All Products;Export (US$ Thousand);5029,74;6240,588;6758,88;6150,118;9478,191;8687,309;9845,978;11707,644;10337,319;8214,818;13276,396;13081,682;13950,724;16145,729;29069,33;36282,444;8960,103;34871,103;26794,522;10815,624;11481,097;8572,885792;7526,129582;6129,506832;8102,667951;28262,67488
Italy;Australia;Export;  All Products;Export (US$ Thousand);1306542,848;1543125,76;1771828,224;1719526,528;1760634,112;1803862,641;1784531,331;1760866,548;2102732,492;2590902,173;3140543,174;3108390,643;3176864,451;3790998,756;4208395,061;3278669,862;3555491,114;4157686,069;4768437,027;4988413,236;4780638,394;3960455,739;3950320,206;4370925,729;4731434,617;4481361,497
Italy;Austria;Export;  All Products;Export (US$ Thousand);4670323,712;5485601,792;5965005,824;5403161,6;5524969,984;5514072,777;5303280,456;5268355,967;5632932,905;6967776,508;8621189,681;9173100,316;10295720,61;12062675,44;12857244,05;9662674,76;10549727,86;12087523,48;11150628,64;11290788,01;11146224,6;9517080,03;9829622,241;10758403,3;12111370,69;11715396,79
Italy;Azerbaijan;Export;  All Products;Export (US$ Thousand);12216,211;13341,04;15140,752;23046,112;31313,162;21359,537;37331,333;38243,337;54016,607;120157,49;156285,179;124185,188;189654,831;238844,95;409861,27;286178,56;275432,958;483356,569;515369,323;684315,457;789092,56;730257,005;299905,3576;285191,5575;330025,6664;336004,7441
Italy;Bahamas, The;Export;  All Products;Export (US$ Thousand);277535,104;10357,773;458007,904;299761,952;482920,032;264630,905;591812,272;236789,351;329546,698;602112,986;426076,943;63553,671;61936,984;654091,598;105372,248;354962,952;23176,699;106399,699;26031,601;79837,678;88766,969;88816,09603;35448,10485;67889,3483;228468,3463;103223,6475
Italy;Bahrain;Export;  All Products;Export (US$ Thousand);72216,984;71822,16;82667,648;80484,12;160970,976;98579,48;96978,034;97541,864;107475,965;128528,563;148666,222;172532,548;238448,206;249618,655;317028,579;216552,407;178952,686;220250,805;251104,636;210767,92;295904,787;224493,9426;290419,9313;283423,377;315958,8286;298036,5558
Italy;Bangladesh;Export;  All Products;Export (US$ Thousand);99360,312;75037,144;91234,2;113828,584;75711,192;69279,95;87291,535;155315,448;105464,497;125222,862;164808,26;179124,559;204862,014;251227,497;243885,316;235910,53;332172,198;432390,502;301410,115;362619,897;420183,092;524468,4816;562432,9875;821008,3161;875278,6775;614302,1079
Italy;Barbados;Export;  All Products;Export (US$ Thousand);2677,375;5167;4250,307;6505,396;4992,675;4747,816;6036,536;8017,178;16862,445;23031,383;12542,733;8906,816;10775,922;50742,337;12876,056;10342,84;26464,739;8283,716;11753,55;8686,12;28377,263;8133,261282;8912,107248;9193,841079;8047,636396;9291,712701
Italy;Belarus;Export;  All Products;Export (US$ Thousand);60962,484;86104,264;107742,592;130542,304;140112,08;120742,401;124609,471;134698,024;174618,786;207375,867;229114,114;288342,688;348555,955;454786,303;686151,357;499942,444;516536,33;643693,155;594564,386;702478,816;664854,815;417670,8881;308685,6795;412973,4227;456906,7317;466901,0174
Italy;Belgium;Export;  All Products;Export (US$ Thousand);;;;;;6227917,99;6524985,699;7303435,594;7720543,453;7983660,821;8689007,481;9839991,228;11762842,33;14453305,46;14261734,32;11007387,21;11302295,53;13224557,72;13292829,8;15164182,32;17519806,11;14986803,8;14964756,81;15239360,97;15723064,13;15961319,27
Italy;Belgium-Luxembourg;Export;  All Products;Export (US$ Thousand);5667375,104;6635686,912;6984695,296;6428549,12;6592521,728;;;;;;;;;;;;;;;;;;;;;
Italy;Belize;Export;  All Products;Export (US$ Thousand);2608,214;2677,01;1973,191;15618,663;3274,741;442,095;883,559;1914,487;739,433;1629,754;3911,706;11375,022;2741,048;19178,819;8879,442;4611,432;7193,129;10400,834;7734,126;16353,159;35950,11;34262,25726;7315,921568;10459,37748;8200,614098;22786,92146
Italy;Benin;Export;  All Products;Export (US$ Thousand);11089,802;18723,694;24951,508;27332,164;41229,36;42400,492;40106,255;49802,244;64446,817;51826,278;40712,962;45736,934;35168,17;41816,262;78221,087;56727,843;59478,549;96268,505;62082,399;86500,492;96224,507;70920,75924;41644,42989;39320,76004;50193,71605;42639,86027
Italy;Bermuda;Export;  All Products;Export (US$ Thousand);13565,266;6645,295;19282,118;28861,236;72639,496;21703,93;290426,53;480179,666;479893,071;10094,026;47306,064;72264,21;506302,468;516858,963;1209616,09;12053,693;12171,321;8592,676;7878,689;7561,155;7696,463;8080,167546;123143,5347;11912,74771;21112,52307;8114,969529
Italy;Bhutan;Export;  All Products;Export (US$ Thousand);181,737;35,657;29,168;231,948;33,721;265,951;1166,723;724,917;365,999;1059,439;456,767;2029,957;294,102;735,954;1521,161;2282,178;2421,027;5059,182;2463,51;2040,581;1707,352;3328,177343;2028,271387;2121,727074;1508,576768;487,5794227
Italy;Bolivia;Export;  All Products;Export (US$ Thousand);20172,048;32479,576;44968,736;41767,448;40864,52;33196,426;26619,9;23095,864;22723,91;19538,157;21385,554;21716,409;23754,917;30436,005;41548,953;49093,414;59296,293;85274,078;95553,201;129385,357;132171,276;118653,1049;89480,27553;128761,914;91449,61309;70351,48448
Italy;Bonaire;Export;  All Products;Export (US$ Thousand);;;;;;;;;;;;;;;;;;;;771,145;733,302;416,7932509;893,0938947;512,7526868;2991,338364;1165,260244
Italy;Bosnia and Herzegovina;Export;  All Products;Export (US$ Thousand);27311,728;69297,032;213720,832;273585,792;268672,896;294357,464;315018,81;347332,502;384297,396;436580,704;502851,85;579387,765;542095,993;704589,608;931440,878;718030,022;727718,32;810877,638;747579,576;769421,816;801913,691;705956,351;718911,0708;780283,0907;837237,1724;777976,3107
Italy;Botswana;Export;  All Products;Export (US$ Thousand);;;;;;;4849,056;10454,957;3890,533;3462,151;5806,295;2836,093;3666,419;8403,785;9236,094;5168,869;6357,054;10659,557;9267,681;5795,898;4412,734;5876,934925;7350,066471;9215,808447;7350,051219;27643,78347
Italy;Bouvet Island;Export;  All Products;Export (US$ Thousand);;;;;;;;;;30,814;;118,412;169,664;130,282;;31,97;39,428;23,563;2,747;25,978;;;13,74647666;;7953,030007;
Italy;Brazil;Export;  All Products;Export (US$ Thousand);1845949,568;3169723,392;3113239,552;3516478,72;3299230,72;2524489,658;2245070,082;2319295,305;1869571,36;1799996,247;2213416,702;2502034,325;2776739,73;3487950,42;4859180,391;3733535,295;5091821,786;6612768,765;6419382,246;6737732,686;6228156,371;4288709,392;3541615,908;4287671,005;4574679,725;4440077,601
Italy;British Indian Ocean Ter.;Export;  All Products;Export (US$ Thousand);10,871;;1,892;3,184;8,353;216,756;263,599;147,234;25,322;52,772;422,348;88,748;528,953;;;432,254;;60,633;;;;;1,136319344;;;31,17866236
Italy;British Virgin Islands;Export;  All Products;Export (US$ Thousand);54994,244;36433,94;45001,36;64313,356;59744,56;67174,366;146267,794;123612,688;128591,279;103163,061;152069,979;175247,923;142280,946;239407,354;149634,387;244541,916;156639,13;587292,479;291617,63;276819,969;280949,793;213432,1702;178728,7452;151712,8397;228769,8345;143633,0714
Italy;Brunei;Export;  All Products;Export (US$ Thousand);36082,892;53452,5;52195,056;89442,048;30755,764;5648,22;37812,37;13503,005;7655,6;44010,8;11649,532;10840,384;25772,287;9976,859;17534,609;21048,754;10837,838;20435,718;50243,46;40321,91;60233,111;52853,7618;24422,6959;18674,55725;23883,69858;70923,30899
Italy;Bulgaria;Export;  All Products;Export (US$ Thousand);312627,04;425230,816;377382,528;374168,768;445122,272;483353,972;546048,431;676993,673;804351,937;1049029,492;1305192,586;1527854,009;1961114,751;2439770,465;2814644,955;1705023,416;1867642,621;2222633,136;2087163,591;2541514,264;2501374,462;2222490,292;2310133,779;2474748,466;2885455,239;2894885,297
Italy;Bunkers;Export;  All Products;Export (US$ Thousand);742041,408;234992,512;1011378,112;1018722,176;1019543,104;979279,18;;366385,116;300524,673;405078,804;484968,926;548979,33;532044,53;907662,345;2549340,726;1214210,393;1316047,329;2260485,589;2349199,03;2123054,283;1798954,753;1360413,008;1121708,523;1500777,163;3057392,536;3482845,62
Italy;Burkina Faso;Export;  All Products;Export (US$ Thousand);6504,514;7437,958;12800,985;15554,454;13617,508;13659,283;13740,933;16187,903;20182,834;24483,757;34221,83;28047,264;28561,916;35434,733;29526,861;22536,306;25201,813;48698,638;50217,002;51043,825;49700,349;66458,13755;54549,49693;58001,40935;75466,07801;71350,14208
Italy;Burundi;Export;  All Products;Export (US$ Thousand);13885,872;15214,542;7455,588;3944,745;4489,934;3953,92;3714,482;3049,04;4188,631;3907,833;11472,54;19343,836;41664,04;6150,731;6363,589;5757,719;10539,264;8237,687;5607,216;6260,229;4541,582;3383,082327;4594,40244;3478,095375;3844,091113;5704,48165
Italy;Cambodia;Export;  All Products;Export (US$ Thousand);1377,394;2082,143;22316,922;2624,386;3785,526;6034,359;14151,878;12218,226;10054,004;8595,802;12356,166;9689,792;14432,543;20901,581;15756,34;19173,978;20934,697;34300,762;53529,852;37902,368;52007,624;60636,72724;68828,64402;80541,49005;87276,27217;158624,285
Italy;Cameroon;Export;  All Products;Export (US$ Thousand);33841,8;52042,388;57259,4;59381,036;67598,208;55090,042;61497,19;75116,786;84357,715;91769,039;82270,72;80387,343;76711,605;121151,267;119434,475;99637,379;109435,082;226749,548;143953,125;150701,323;128132,586;108953,6572;125227,592;140486,4652;240353,4877;132407,7756
Italy;Canada;Export;  All Products;Export (US$ Thousand);1741542,528;2151176,96;1820071,296;1871174,912;1974684,416;1993959,954;2151893,818;2300640,554;2319216,914;2724538,837;3000519,597;3014192,829;3371508,745;3747034,594;3808892,385;2871894,801;3137980,072;3749816,582;3709759,571;4017027,842;4109317,917;4078508,306;4090435,367;4439216,853;4858541,855;5032274,421
Italy;Cape Verde;Export;  All Products;Export (US$ Thousand);2972,051;5093,964;7745,13;4390,947;5335,11;10807,217;12432,198;14218,066;10416,847;10536,01;17379,781;35818,645;31479,263;35899,542;34171,769;30987,39;16344,519;49714,139;13559,888;10757,441;36047,328;8928,534454;23983,80666;50528,21209;19982,90367;14857,7958
Italy;Cayman Islands;Export;  All Products;Export (US$ Thousand);20786,922;46633,56;15903,402;25818,402;62203,212;29179,651;56674,179;91803,911;75684,213;123436,391;192026,943;262294,517;242263,259;223816,446;276793,496;163082,316;127064,506;321249,111;140499,875;190718,27;363178,115;210805,0368;194299,5046;210958,044;261769,1689;328592,2204
Italy;Central African Republic;Export;  All Products;Export (US$ Thousand);1300,546;3153,028;2633,276;1063,18;1920,454;1676,715;1059,747;2317,474;1897,606;1880,14;2374,933;1538,315;3541,815;2447,442;2849,544;5867,04;6445,291;3493,219;2308,508;1739,075;5449,914;20782,53063;11565,25248;8474,315163;15373,36505;8714,398065
Italy;Chad;Export;  All Products;Export (US$ Thousand);1088,407;6716,976;3134,8;5051,722;2747,723;3410,036;3891,091;6960,739;7987,796;7777,944;6523,037;6546,562;6091,133;11344,442;24739,251;54067,4;28474,102;23932,23;33727,464;34284,538;174100,122;42062,07485;10205,16674;9323,125755;5266,529068;8214,102002
Italy;Chile;Export;  All Products;Export (US$ Thousand);327791,072;495261,728;576930,112;626891,2;638078,848;415543,925;407064,951;371589,294;325187,41;369264,34;421365,375;504331,999;578921,787;705976,372;775572,214;690670,428;844598,539;1216546,654;1193142,087;1182269,867;1152674,092;1065059,216;1013554,693;1086144,063;1211601,867;1197886,759
Italy;China;Export;  All Products;Export (US$ Thousand);2285556,992;2694704,128;2868643,584;2528461,312;2055080,96;1933024,116;2154579,035;2901082,752;3751878,662;4299700,445;5450971,386;5658289,562;7070766,604;8585844,822;9410932,749;9205866,66;11370047,32;13859845,23;11567293,56;13068832,01;13931560,64;11542515,43;12234172,74;15239908,44;15513610,18;14519417,71
Italy;Christmas Island;Export;  All Products;Export (US$ Thousand);;;;;;;;;16,308;11,308;12,416;11,799;278,919;53,54;51,214;;;;;471,603;;;;;;2,798802725
Italy;Cocos (Keeling) Islands;Export;  All Products;Export (US$ Thousand);351,393;;288,952;250,953;174,917;453,759;;;136,292;;10,171;7,436;49,88;;5,421;;;;25,781;12,303;43,254;70,39924725;;18,23100578;;46,91129223
Italy;Colombia;Export;  All Products;Export (US$ Thousand);311087,328;350152,832;434134,816;388489,056;368900,96;204157,11;210671,238;269089,031;254455,363;266099,65;283132,64;311342,259;388517,811;486126,596;585835,85;428730,031;559960,161;860396,992;816978,59;812483,848;951838,146;710173,808;642255,104;665368,2109;713993,3352;749276,6531
Italy;Comoros;Export;  All Products;Export (US$ Thousand);1609,927;774,312;1845,657;1827,196;2902,068;2423,12;798,707;861,557;1131,764;1268,092;5247,81;4486,295;5389,593;1391,939;10968,696;811,898;1780,49;1628,217;1769,829;2237,067;950,548;742,8567145;954,4783746;2856,341927;2877,449777;2424,348669
Italy;Congo, Dem. Rep.;Export;  All Products;Export (US$ Thousand);19770,638;38290,664;39000,844;22116,708;13779,447;8833,386;8758,178;14979,098;19243,901;26329,27;24367,742;33253,186;49206,716;72607,621;91491,791;122136,318;62409,085;108917,927;78577,826;89497,99;89310,863;54378,01247;47544,79851;38918,1967;76996,39039;71409,12964
Italy;Congo, Rep.;Export;  All Products;Export (US$ Thousand);62315,596;89965,464;40908,376;134865,792;55358,44;49915,244;59159,757;102819,953;86071,6;73001,974;83856,458;95459,448;101649,357;337378,895;169733,577;293238,743;241228,589;292774,339;189551,883;256352,256;409585,321;212144,2553;147257,4505;104437,5922;94738,90373;100437,6073
Italy;Cook Islands;Export;  All Products;Export (US$ Thousand);314,598;;77,052;138,388;181,32;30,423;;;114,467;554,763;59,927;540,11;65,803;68,631;147,635;10560,809;68,081;130,123;49,716;13933,904;51,936;2748,173342;24367,49423;8682,160605;6289,22185;24655,32044
Italy;Costa Rica;Export;  All Products;Export (US$ Thousand);59733,908;64473,044;66026,152;71368,48;80328,912;76981,973;79945,007;84693,025;92948,957;109837,288;86614,338;89175,968;99341,061;134069,693;134572,325;96094,973;110088,373;145522,742;128027,055;157366,234;181084,444;151628,4504;161850,6754;167708,8322;168507,2206;150597,6065
Italy;Cote d'Ivoire;Export;  All Products;Export (US$ Thousand);60645,536;109546,936;132818,784;126337,936;165403,744;147452,307;94049,232;113525,786;113778,296;112237,026;120735,414;137635,408;108412,802;136070,325;146747,622;122749,096;152842,263;142214,692;168084,995;168102,449;268390,955;356879,9233;199987,5264;189760,9262;227798,1363;204298,5489
Italy;Croatia;Export;  All Products;Export (US$ Thousand);1372371,456;1675091,072;1667888,896;1759257,344;1499776,768;1278947,889;1314439,166;1508709,755;1938560,448;2402313,656;2738192,288;2888045,222;3397475,426;3836211,188;4584614,838;3142013,397;2741349,74;3151440,235;2539522,333;2658080,959;3453959,399;2886757,986;2853647,085;3433247,093;3798961,555;4274216,727
Italy;Cuba;Export;  All Products;Export (US$ Thousand);62754,504;81548,84;112636,736;121690,616;192185,232;209693,965;247916,641;250260,258;234632,324;262850,63;223285,932;246420,907;353450,046;309442,163;432603,267;258788,099;244334,67;317393,553;317649,243;355576,936;305172,483;367607,7144;345736,4449;329005,395;325328,0071;329772,321
Italy;Curaçao;Export;  All Products;Export (US$ Thousand);;;;;;;;;;;;;;;;;;37243,861;27646,12;9033,75;6914,239;6905,938918;5929,187094;5802,496639;9439,542627;7161,514839
Italy;Cyprus;Export;  All Products;Export (US$ Thousand);305501,632;366346,592;361904,768;328227,712;351565,888;326497,185;379309,039;341475,676;364919,75;494942,003;801410,392;895086,21;1039615,89;1164707,534;1616778,2;1029145,915;1016296,947;929914,668;727564,289;565768,746;585514,9;556323,1223;558205,6848;766248,0996;1078606,54;1271084,048
Italy;Czech Republic;Export;  All Products;Export (US$ Thousand);859103,872;1327730,432;1740789,248;1510388,096;1455479,68;1404704,352;1538057,992;1895134,658;2022302,943;2817681,378;3360555,813;3583477,901;4135963,649;5298971,429;5881538,247;4116194,617;4659692,725;5711356,003;5432430,394;5652017,685;6219256,164;5602071,709;5926947,322;6732985,172;7624951,896;7355350,039
Italy;Denmark;Export;  All Products;Export (US$ Thousand);1592091,008;2003809,152;2132918,528;1967947,904;2030220,288;2004455,136;1878149,477;1928201,529;1962103,672;2217900,761;2660071,4;3250348,195;3313991,387;3932721,458;3965619,357;2574954,377;2750344,996;3247262,752;3137476,311;3198282,324;3496272,418;2851725,927;3062648,992;3325380,586;3480015,932;3295030,202
Italy;Djibouti;Export;  All Products;Export (US$ Thousand);21953,868;22021,054;25394,56;25386,152;41908,86;22289,972;33546,181;21403,624;16210,834;16179,516;16308,532;17471,922;26291,183;26117,784;26754,37;22062,61;19264,921;23765,872;17632,822;22038,372;27799,696;38834,53374;32928,06278;27832,74302;21047,63415;29022,26882
Italy;Dominica;Export;  All Products;Export (US$ Thousand);2845,072;3936,313;2808,247;1591,826;1546,898;1675,23;1661,538;1991,383;1190,83;788,535;1878,856;1739,571;3272,581;2296,096;2605,499;975,519;1484,84;1037,595;523,542;822,594;924,684;718,6154747;9681,810361;2420,312896;9701,152284;27100,52803
Italy;Dominican Republic;Export;  All Products;Export (US$ Thousand);76790,648;71275,456;82353,312;101318,576;112009,936;101936,882;122551,153;130467,648;134898,387;105177,607;160632,562;150205,98;161772,519;185403,209;202553,479;188125,058;183850,432;205124,357;318750,152;226776,664;228904,252;279817,4499;380014,6653;339670,0623;375213,2552;389854,19
Italy;East Timor;Export;  All Products;Export (US$ Thousand);;;;;;;;;1391,867;499,617;52,18;222,972;332,227;1364,961;638,66;356,284;978,892;54315,468;75313,326;694,328;128,064;408,3954443;163,427506;577,1735772;263,8255262;75,95502787
Italy;Ecuador;Export;  All Products;Export (US$ Thousand);96874,552;119537,632;114346,648;152147,92;162229,968;62085,06;67539,396;113297,729;138724,649;107971,097;110989,087;118575,385;146862,181;201407,861;212866,113;190835,474;255194,267;285009,1;270836,966;292809,716;287736,282;294216,661;221880,3716;262168,4614;284428,6405;251989,5999
Italy;Egypt, Arab Rep.;Export;  All Products;Export (US$ Thousand);1348353,536;1204235,776;1430213,504;1428876,288;1598630,528;1575852,591;1397416,845;1314715,167;1113045,244;1333876,675;1654188,533;1699861,32;1911706,383;2924713,278;4248066,399;3609788,715;3867245,409;3595750,31;3677232,008;3756369,068;3622764,865;3270719,284;3417105,338;3294184,689;3171657,642;2707346,423
Italy;El Salvador;Export;  All Products;Export (US$ Thousand);33914,392;34653,592;41154,58;45457,472;44826,344;36279,368;40487,54;44391,632;37745,564;51505,409;34851,32;41005,954;63655,735;48869,693;61029,531;54112,891;45774,879;46116,613;39961,788;51630,606;53248,577;60960,37534;68303,69878;61517,04686;61065,18764;88094,05774
Italy;Equatorial Guinea;Export;  All Products;Export (US$ Thousand);12722,897;3022,785;7026,496;10135,431;6127,54;20736,383;10139,7;23492,027;16476,231;56565,841;34392,741;212463,919;71893,231;79914,955;86549,657;87645,018;128092,497;148081,663;124375,932;138297,267;93048,728;44736,48583;24852,85086;32584,69716;31784,02281;60496,15896
Italy;Eritrea;Export;  All Products;Export (US$ Thousand);;28319,518;49753,124;76052,76;58564,448;44533,219;30783,033;38663,506;49627,909;41846,884;48124,036;81920,742;38224,97;36289,154;37504,927;39717,928;25026,725;34590,31;53402,067;36286,396;17014,284;19319,45226;18114,04785;31885,96132;21191,41629;25145,38072
Italy;Estonia;Export;  All Products;Export (US$ Thousand);30656,14;55122,128;78237,008;99610,624;117921,928;99116,569;107515,993;147411,133;204993,656;191374,14;229935,78;280166,316;427189,628;537332,813;532730,793;282933,772;391150,63;523110,113;522431,434;544700,219;533064,909;427171,9244;454845,8571;515874,3996;561492,3367;534701,3506
Italy;Eswatini;Export;  All Products;Export (US$ Thousand);;;;;;;3395,643;1665,736;4164,87;3499,658;3644,569;4382,393;4369,154;5715,823;4542,084;3260,525;1543,068;922,172;3546,887;2814,148;2258,172;6809,006105;15829,13426;10241,75785;10143,77305;11512,91195
Italy;Ethiopia(excludes Eritrea);Export;  All Products;Export (US$ Thousand);161829,12;200678,592;158507,072;131366;121644;109387,422;106862,821;104796,714;92687,748;97087,326;111404,595;182316,693;193695,858;246071,185;268174,86;211139,324;194881,619;283190,178;338409,772;362003,157;349630,033;340202,141;359118,3058;313049,1094;275638,6583;228615,4191
Italy;Faeroe Islands;Export;  All Products;Export (US$ Thousand);348,573;793,611;325,415;608,36;1210,958;720,396;914,789;710,999;1298,687;1507,275;6415,132;1420,481;10441,281;2378,847;17406,25;1153,263;1980,824;1116,594;1936,832;1288,245;1988,028;14632,65702;17100,76633;4589,304327;4498,439068;4320,327046
Italy;Falkland Island;Export;  All Products;Export (US$ Thousand);3358,709;2192,108;3998,154;4729,168;3816,079;4977,193;4197,061;4977,612;7577,321;1659,514;135,139;3,182;37,989;41,607;1,81;67,783;2,636;61,046;3,127;3,116;27,049;421,5619103;202,1276439;85,82899015;2,778404559;4,216116425
Italy;Fiji;Export;  All Products;Export (US$ Thousand);1627,505;2258,763;2828,541;1486,982;1966,68;2148,925;1265,414;1516,605;2557,897;2379,627;2921,525;7469,263;4211,008;4784,074;5627,132;9868,151;3970,174;2809,314;4176,398;5172,47;9358,106;8099,061503;19073,95444;7456,598867;8064,369459;6212,113935
Italy;Finland;Export;  All Products;Export (US$ Thousand);758606,976;1050393,28;1212055,424;1209333,76;1261377,792;1152302,26;1071999,28;1164087,081;1341888,746;1479869,149;1784380,58;1918084,776;2015990,494;2707489,115;2500172,142;1661198,858;1887198,642;2143111,312;2139339,447;1942384,451;1888128,176;1590491,394;1717455,702;1807014,458;2037170,229;1964153,664
Italy;Fm Sudan;Export;  All Products;Export (US$ Thousand);40174,72;32327,338;34586,468;47128,552;44498,696;54059,804;41213,845;45188,579;69245,716;83199,38;143202,424;265282,131;227985,02;232814,032;376871,97;228464,296;206666,276;192419,809;;;;;;;;
Italy;Fr. So. Ant. Tr;Export;  All Products;Export (US$ Thousand);;;;;;;;;;;2,541;4,638;17,055;;70,493;;68,374;262,093;280,905;238,538;148,741;1,14172925;104,9673611;298,8264766;3,791204519;61,72591482
Italy;France;Export;  All Products;Export (US$ Thousand);24851603,46;30010503,17;32041424,9;29010534,4;30901577,73;30766278,76;30329301,13;29892148,43;30961568,02;37036166,74;43461580,07;45521829,81;48841489,34;57201160,14;60474823,49;46923737,23;51724538,44;60240176,56;55577459,3;56148068,71;55781498,79;47291424,04;48692317,11;52348142,43;57500671,67;56604054,13
Italy;Free Zones;Export;  All Products;Export (US$ Thousand);68222,976;20245,272;136936,08;67992,048;68134,408;73618,856;;;;;;;;;;;;;;;;;;;;
Italy;French Guiana;Export;  All Products;Export (US$ Thousand);55152,128;83621,16;;;;;;;;;;;;;;;;;;;;;;;;
Italy;French Polynesia;Export;  All Products;Export (US$ Thousand);16624,477;20731,172;23053,782;23312,674;23179,208;19071,487;21747,945;23192,154;23733,636;29489,968;28943,373;32112,813;29678,146;28980,039;50269,676;25629,159;24125,548;25922,378;22585,183;35107,781;24457,27;22023,2855;23050,43373;24664,86398;30543,6194;33651,94641
Italy;Gabon;Export;  All Products;Export (US$ Thousand);23374,12;23351,696;28026,15;35031,576;41514,444;36574,778;24680,758;27775,896;34959,921;32703,753;41936,986;44645,178;54189,226;58690,072;78404,291;69844,73;86925,023;128176,384;134303,993;128807,886;123098,082;71292,30565;49647,74057;47625,06452;55381,164;49153,66163
Italy;Gambia, The;Export;  All Products;Export (US$ Thousand);6317,972;7356,682;8963,122;6823,618;7795,197;7369,57;7109,888;9460,458;10776,593;12698,162;8024,76;6994,09;7706,269;4560,736;8688,774;6964,856;5443,799;12355,537;5336,51;9894,933;6112,413;6081,975088;3803,549625;4247,569004;5881,909633;4988,146005
Italy;Georgia;Export;  All Products;Export (US$ Thousand);24402,848;14202,149;45479,256;61045,964;53284,484;30268,026;27697,909;39880,357;50612,085;62653,294;61964,552;95697,011;161662,312;186795,361;221897,251;122038,964;149921,812;189372,204;284464,855;215605,418;206276,083;193081,7974;264696,5625;200900,4526;224643,5291;243310,01
Italy;Germany;Export;  All Products;Export (US$ Thousand);36119158,78;43236425,73;44087701,5;38960091,14;39892103,17;39031960,23;36216997,15;35665701,83;34988872,95;41856583,41;47903818,53;48804633,92;54863954,03;64445509,52;68826031,82;51217526,47;57766851,65;68230665,25;62768607,91;64356077,05;66568027,59;56269723,22;58311989,57;63318718,76;68756281,37;65509540,99
Italy;Ghana;Export;  All Products;Export (US$ Thousand);148522,112;82223,816;209555,184;113666,624;277916,416;116570,61;325893,354;96054,558;177908,917;128407,054;152094,827;161410,669;190877,485;226987,944;298871,479;189327,61;214645,36;273531,231;269138,921;318799,429;209982,788;226219,6497;292426,4102;262520,7685;287113,2103;235744,8832
Italy;Gibraltar;Export;  All Products;Export (US$ Thousand);187886,56;102470,336;153970,992;102898,544;42438,304;94352,037;143211,148;80222,913;130734,175;112426,14;218763,009;416092,436;973482,574;628652,213;814631,568;645445,089;894144,749;1475499,779;1448715,708;1511687,448;1431617,127;1169369,898;889566,3069;1142231,987;1386738,556;985739,0642
Italy;Greece;Export;  All Products;Export (US$ Thousand);3404691,968;4354855,424;4781928,448;4631379,968;4794118,144;4890854,422;4950080,206;4788580,372;5353031,907;6552645,584;8004501,535;7450120,005;8537896,627;10613309,33;11469883,69;8518511,079;7218412,271;6629025,313;5407803,602;5006893,634;5112540,649;4115564,945;4302928,865;4627229,422;5381230,569;5239496,953
Italy;Greenland;Export;  All Products;Export (US$ Thousand);1065,164;3414,163;2525,589;1541,186;497,077;5330,825;618,484;359,203;101,151;195,453;99,781;47,108;109,09;861,346;199,271;268,843;7039,034;335,737;1134,491;261,465;794,477;359,4862018;510,6931148;12729,7207;18848,83243;245,7449549
Italy;Grenada;Export;  All Products;Export (US$ Thousand);438,996;455,322;826,704;972,19;972,322;973,389;1807,054;812,946;1427,539;788,11;6015,462;6474,571;6884,499;14729,253;2709,725;826,622;854,463;753,622;713,835;1190,862;8891,613;1693,767536;682,8504744;3332,1705;4482,463537;1675,473024
Italy;Guadeloupe;Export;  All Products;Export (US$ Thousand);33076,844;42509,772;;;;;;;;;;;;;;;;;;;;;;;;
Italy;Guam;Export;  All Products;Export (US$ Thousand);;;;;;;;;11489,343;14839,273;17876,921;17722,953;14933,669;13567,267;12772,332;6495,294;6516,878;8785,707;8472,863;9754,487;9728,078;8590,752192;9209,518643;9594,188814;7632,927312;9022,632448
Italy;Guatemala;Export;  All Products;Export (US$ Thousand);59903,16;59801,004;88045,528;75260,112;80918,376;87770,575;78592,209;88764,763;86878,447;91565,11;99774,797;103600,882;121188,476;165675,075;104876,132;81589,22;86281,165;112615,52;117162,844;124538,703;131251,526;115151,9002;124963,3441;144374,9005;147284,1475;126787,9118
Italy;Guinea;Export;  All Products;Export (US$ Thousand);23700,98;27984,356;17886,164;22111,846;27554,682;28498,852;18446,932;26778,662;68114,084;52866,349;43611,639;81028,542;32737,836;20914,335;49057,328;38128,786;37385,873;42651,375;61325,447;56982,304;61476,171;62085,41428;58275,21919;70096,54846;62354,12036;61574,11783
Italy;Guinea-Bissau;Export;  All Products;Export (US$ Thousand);1950,628;3238,172;2089,599;2307,871;1913,11;973,213;1915,261;2089,769;3187,78;11467,32;5624,509;47284,61;23472,94;4529,85;4669,364;3957,7;4694,967;3194,741;2797,069;1523,487;2304,355;1567,194101;2410,52501;2767,984368;2450,739545;2152,978996
Italy;Guyana;Export;  All Products;Export (US$ Thousand);2841,83;4356,315;4387,075;8052,816;8057,92;3181,76;3622,74;4379,295;32645,689;59748,561;3274,49;3381,299;7487,472;8767,514;12045,323;9094,973;19038,873;10417,93;5455,955;7175,654;8633,002;6128,971102;6225,211007;5772,418192;8716,987263;9516,115106
Italy;Haiti;Export;  All Products;Export (US$ Thousand);4853,981;5299,74;5642,204;4249,348;7963,012;6245,974;6909,072;6205,695;7097,631;7241,154;5270,503;14038,427;12203,595;16153,245;18643,068;10487,37;27701,279;33655,829;19374,799;17718,273;22501,022;14491,93833;17901,191;22702,77119;40330,04187;32406,75908
Italy;Heard Island and McDonald Isla;Export;  All Products;Export (US$ Thousand);;;;;;;;;;1,245;;;;28,975;;;24,212;;;;12,906;;8,50413873;;;
Italy;Holy See;Export;  All Products;Export (US$ Thousand);;;;;;;7328,417;5832,284;7792,1;13288,608;11761,985;14331,633;15384,076;13748,484;16678,676;9566,235;49346,661;61255,055;60680,038;54044,74;49584,798;35410,03102;29881,11927;34866,22008;35143,50509;11259,03928
Italy;Honduras;Export;  All Products;Export (US$ Thousand);18736,332;20009,498;15491,066;23965,96;21257,384;26496,398;19259,75;19286,866;20035,797;28411,28;28155,693;27495,757;48779,508;72307,156;47837,832;30305,31;53919,398;52354,177;44934,347;47798,577;76408,738;67518,99024;50257,56787;58818,03209;74961,78636;72000,58383
Italy;Hong Kong, China;Export;  All Products;Export (US$ Thousand);3139437,824;3904291,072;4388869,632;4003556,608;3082373,12;2707966,986;3001159,577;2921174,517;2911420,774;3046771,753;3657529,199;3743715,822;4005058,509;4522879,976;4739178,481;3758041,874;4775430,426;5798992,119;5745571,996;6297133,885;7247860,078;6546675,617;6383984,012;6764682,168;7055561,611;6437925,068
Italy;Hungary;Export;  All Products;Export (US$ Thousand);1181005,056;1414438,656;1522720,64;1665203,968;1878845,952;1940518,89;2226932,393;2660014,883;2563203,2;3249667,065;3464581,541;3618390,27;4194420,86;5086458,734;5314359,449;3436389,301;4053518,888;4858266,053;4388287,521;4760498,886;5059355,629;4582658,629;4798771,585;5350291,785;5854198,692;5528006,258
Italy;Iceland;Export;  All Products;Export (US$ Thousand);29318,014;37087,372;52114,08;45606,164;56389,336;60146,076;57367,553;53596,934;49883,202;100307,811;102436,212;128169,943;149389,557;169612,491;136001,518;73031,577;84545,388;117463,392;101935,375;128839,866;132396,253;123781,5798;134403,6097;136050,0963;145221,8468;120321,2692
Italy;India;Export;  All Products;Export (US$ Thousand);709449,088;1094743,168;1214567,168;1059518,528;1081606,144;792852,741;913653,964;874977,603;958236,756;1196952,344;1540762,918;2043744,872;2681474,615;4046075,794;4476676,027;3751168,009;4237984,172;4932279,798;4301529,512;3945213,93;4031752,738;3712028,773;3621177,862;4034496,259;4675976,497;4468969,024
Italy;Indonesia;Export;  All Products;Export (US$ Thousand);643328,128;748505,024;1100368,768;938227,136;275295,52;263635,096;395900,765;442477,098;450109,383;438068,261;578549,693;590472,319;728587,708;756910,551;899472,724;686383,272;828329,753;1091912,188;1578545,715;1503177,472;1582970,422;1226809,098;1278717,044;1285081,193;1426140,868;1519405,188
Italy;Iran, Islamic Rep.;Export;  All Products;Export (US$ Thousand);721536,768;518415,04;719045,952;846271,68;908033,984;707744,323;767080,663;1040980,923;1690850,182;2202078,015;2671969,023;2794885,999;2280569,885;2528371,637;3103646,638;2794552,098;2715735,651;2585673,473;1808940,306;1402750,666;1533224,821;1324999,587;1705828,935;1966634,184;1990079,347;922250,2899
Italy;Iraq;Export;  All Products;Export (US$ Thousand);2208,364;228,248;1393,809;5019,008;37505,368;72187,043;241183,411;324318,865;316980,283;162584,597;249917,705;362272,671;163365,918;130586,703;306773,087;689486,525;587079,149;680360,878;814003,862;1681653,98;1290345,139;1013530,283;684947,3343;643929,6373;590756,0653;614798,8495
Italy;Ireland;Export;  All Products;Export (US$ Thousand);662741,888;930172,352;1013470,08;870018,624;973333,504;1158283,446;1729840,192;1423445,931;1374269,19;1561682,084;1698282,881;1780016,645;2145469,59;2353432,17;2054164,07;1264352,441;1194581,773;1275454,452;1257861,486;1306972,61;1482531,829;1392840,012;1919570,041;2650179,275;2119934,168;2044012,579
Italy;Israel;Export;  All Products;Export (US$ Thousand);1790932,224;2189224,704;2227002,624;1942132,352;1746139,392;1591204,867;1717792,989;1607686,837;1442392,64;1360938,449;1656069,651;1911153,496;2041822,042;2441910,147;2702668,403;2241778,353;2625895,339;3206685,03;2656121,111;2852287,247;3017999,752;2728749,75;2774229,415;2942813,832;2969012,044;2859541,723
Italy;Jamaica;Export;  All Products;Export (US$ Thousand);17958,696;18930,542;14362,426;15365,339;15163,361;15287,624;12196,45;14209,98;21130,214;13473,335;13410,554;14332,703;19782,91;33340,43;21082,844;21069,752;12453,935;61160,615;20383,85;15262,798;15928,413;24655,43698;27227,67309;53889,93227;39945,48397;54551,23665
Italy;Japan;Export;  All Products;Export (US$ Thousand);4055061,76;5345993,728;5583159,296;4714118,144;4044132,352;3700952,187;3966826,229;4173389,44;4219041,594;4876373,911;5353400,757;5611383,326;5594896,647;5886369,464;6179897,606;5145594,029;5279306,239;6559392,13;7240167,28;7996572,957;7112261,203;6104323,559;6663466,685;7404924,078;7639884,63;8632719,358
Italy;Jordan;Export;  All Products;Export (US$ Thousand);227131,312;259068,512;309941,888;250899,168;205406,832;184213,171;211168,291;242225,091;243661,371;331461,699;398265,085;404191,913;466306,761;547563,099;627517,307;556269,667;554899,652;870971,017;857532,83;944179,387;702459,202;738495,4506;844131,9821;791705,2599;607976,092;583134,6228
Italy;Kazakhstan;Export;  All Products;Export (US$ Thousand);70368,496;43139,432;48383,24;60868,272;489749,536;398331,109;162898,936;238008,382;188065,411;231403,581;414540,625;508133,034;791411,733;789434,131;980468,012;1614610,125;1441542,349;1208799,725;1022320,667;968919,276;935576,76;862673,461;929112,1077;711529,9536;1283842,716;1218368,752
Italy;Kenya;Export;  All Products;Export (US$ Thousand);86759,776;163195,024;115680,208;97483,84;81946,12;68348,144;64373,544;67686,816;63869,344;81635,355;116435,213;111228,222;182988,435;198977,855;297988,873;185584,758;203351,659;175895,511;201194,41;240778,689;231038,708;225125,1936;233374,2263;205630,7828;268739,0762;232123,9893
Italy;Kiribati;Export;  All Products;Export (US$ Thousand);146,509;142,117;94,923;210,301;45,945;0,935;3,079;383,014;67,546;112,34;;;309,964;;;;2,384;11,469;;1,75;3,798;10,0516513;315,4044094;3,980406133;152,3147142;20,13570632
Italy;Korea, Dem. Rep.;Export;  All Products;Export (US$ Thousand);37006,996;27201,032;22320,184;22389,08;17371,012;15200,467;12453,11;9607,969;14984,826;27763,143;10811,65;11954,001;11832,765;9556,948;34954,956;39223,378;43562,459;25140,283;7077,354;1254,033;1202,108;1641,603811;1241,635235;265,5935314;292,551464;140,4887016
Italy;Korea, Rep.;Export;  All Products;Export (US$ Thousand);1780345,6;2300409,856;2829533,696;2233613,312;966261,312;1244937,354;1660129,937;1809083,824;2037118,792;2284537,141;2284808,088;2518779,379;2750463,88;3435476,152;3778344,758;2998192,125;3290668,2;4038927,118;4451493,966;5022444,87;5518957,878;4987383,704;4412944,474;4868112,742;5388840,12;5441160,405
Italy;Kuwait;Export;  All Products;Export (US$ Thousand);332167,904;403536,16;530706,4;403775,904;416276,16;334374,216;309011,207;386396,96;417514,907;501647,349;584938,271;522145,309;684125,918;1120621,605;1042445,911;831583,054;925483,897;804284,412;1073680,987;1052919,483;986621,498;857569,0611;1211913,428;1305918,134;1257877,04;1134853,76
Italy;Kyrgyz Republic;Export;  All Products;Export (US$ Thousand);15159,334;6627,545;10902,121;9631,994;8711,25;8358,63;4067,569;3281,595;5988,733;8026,609;6785,684;12639,021;7623,066;11171,836;21353,488;10498,918;11798,791;23153,704;18784,451;23137,378;26146,784;22600,0594;24035,47987;25035,03158;26705,39709;25816,37576
Italy;Lao PDR;Export;  All Products;Export (US$ Thousand);3043,548;15983,454;13390,006;4020,525;345,823;790,909;377,09;1515,233;1181,834;1463,782;1805,839;1380,606;925,076;1712,888;6075,404;15238,021;15246,105;12654,346;11278,152;8892,785;10761,398;9888,713234;14952,88046;19039,62704;10613,93913;13421,31813
Italy;Latvia;Export;  All Products;Export (US$ Thousand);39227,66;54285,892;79634,888;103052,296;142473,376;123671,073;136531,547;195021,966;217521,956;305832,848;285502,749;313329,713;423805,414;584680,182;529175,008;291105,189;398742,009;520854,553;561195,732;592488,718;631996,22;510541,4476;481206,5583;548263,8795;594534,8137;630475,3309
Italy;Lebanon;Export;  All Products;Export (US$ Thousand);773627,072;894229,952;1049909,888;888411,904;748120,192;667626,531;628670,807;650216,149;642567,31;743216,399;948533,669;975632,436;974186,488;1002841,298;1138113,537;1062507,841;1371996,247;1849778,815;1597610,394;1720717,056;1601924,222;1316309,339;1290735,759;1710894,608;1633988,57;1314918,41
Italy;Lesotho;Export;  All Products;Export (US$ Thousand);;;;;;;633,906;984,821;1352,779;306,108;5947,547;2317,048;387,082;234,983;398,804;461,574;44,58;80,379;422,608;1220,951;1249,168;724,1345717;329,595677;1006,108379;1403,700564;1052,670008
Italy;Liberia;Export;  All Products;Export (US$ Thousand);23816,764;490339,296;25789,34;349845,76;1186437,376;33411,263;44010,595;58103,127;68627,896;33447,241;41967,702;62976,38;71292,658;108564,05;290917,454;227335,901;79184,935;49849,339;35593,796;16380,725;26998,521;18656,88461;18666,36322;38790,1345;17402,49618;9745,208304
Italy;Libya;Export;  All Products;Export (US$ Thousand);754480,576;956321,728;1016118,144;1010881,536;994983,872;916810,829;945597,393;1156467,155;1241971,331;1545988,594;1864778,58;1694518,446;1760681,928;2223189,063;3876064,51;3393410,779;3574582,257;848938,513;3059888,909;3782519,92;2930463,804;1649054,748;1190223,864;1230626,308;1426509,137;1390763,562
Italy;Lithuania;Export;  All Products;Export (US$ Thousand);55849,868;96109,472;155545,152;193735,296;206072,512;173303,044;196639,249;329834,129;407124,102;560708,148;494484,867;481113,281;730110,754;992913,866;1103442,526;626834,725;768523,278;1023327,345;1030760,963;1108416,409;1094124,4;857647,6287;893572,2741;973800,7011;1099207,742;1115292,157
Italy;Luxembourg;Export;  All Products;Export (US$ Thousand);;;;;;310404,139;347800,27;480819,935;393281,949;473214,849;790706,44;675355,655;733186,957;813078,479;679721,664;601381,127;671559,153;724110,167;644140,423;682270,599;637591,981;580546,8626;529953,2187;607514,1534;720578,0595;747114,5903
Italy;Macao;Export;  All Products;Export (US$ Thousand);8570,753;7752,744;11248,259;14096,836;24048,504;13190,804;12051,417;21330,827;15568,865;18447,551;19113,674;15536,688;17449,593;21484,913;64250,168;76441,135;40475,855;78494,391;100466,838;141049,921;196323,856;180866,5758;173218,0655;195330,9108;289070,1136;302323,4529
Italy;Madagascar;Export;  All Products;Export (US$ Thousand);12626,829;17726,728;12854,43;19677,272;18548,72;17700,053;22416,169;29805,803;13097,265;27656,412;26346,007;25375,116;24864,914;33711,421;31704,017;27998,758;26246,706;32405,701;30510,957;30724,09;38573,129;31950,38189;33200,24944;34104,11862;36005,15796;37854,49648
Italy;Malawi;Export;  All Products;Export (US$ Thousand);7130,804;5553,324;8858,786;8003,04;7348,585;5922,298;2148,301;2332,216;3415,667;3047,287;7093,616;5763,443;6419,673;7624,2;10337,908;6761,157;8994,083;14029,368;11824,46;12034,719;16012,502;14100,91491;13570,43014;14095,7875;16006,21494;18872,36708
Italy;Malaysia;Export;  All Products;Export (US$ Thousand);568691,648;917530,752;1007428,992;1225678,336;499103,616;616479,609;862770,862;988829,12;852589,443;985708,669;1109376,587;966140,239;918029,151;989114,696;1031987,186;994867,724;1061835,571;1161683,289;1318079,857;1414939,83;1551403,942;1060600,778;1173300,327;1421276,449;1389642,998;1421327,933
Italy;Maldives;Export;  All Products;Export (US$ Thousand);1469,991;2434,274;3186,099;5229,271;5538,902;6293,825;7444,174;5301,885;5506,161;6941,807;13422,308;12700,688;13461,421;21776,992;18394,711;11801,001;16974,213;27388,048;16265,299;28968,737;30916,109;25985,72558;31442,59466;36649,13471;49273,56779;44044,03527
Italy;Mali;Export;  All Products;Export (US$ Thousand);9163,294;10138,126;16266,429;14449,736;18364,202;16695,624;13517,269;20104,491;19607,8;21402,209;19382,528;24738,734;25890,73;30306,069;25840,237;50339,438;51968,826;44174,009;48559,865;35355,962;71098,245;86174,02481;90486,70593;96289,85563;60066,44279;75025,84328
Italy;Malta;Export;  All Products;Export (US$ Thousand);1057262,592;1234471,552;867401,344;753822,336;725092,288;658264,635;745911,739;729773,539;829014,943;952814,318;888982,705;836210,65;1108525,049;1201911,699;1801757,488;1466646,621;1492150,118;2025269,45;2215081,338;2067124,564;2062192,93;1768254,37;1781961,128;1946148,669;2120316,565;1914299,478
Italy;Marshall Islands;Export;  All Products;Export (US$ Thousand);280,374;90,558;147,677;51,803;240,674;168,863;482,532;10446,669;3169,324;38932,503;74548,492;62118,307;27188,888;169654,191;252980,838;123609,962;52820,728;51345,725;498,369;95387,893;56179,658;32022,72652;430391,5534;35056,2582;39059,622;66826,54806
Italy;Martinique;Export;  All Products;Export (US$ Thousand);35633,34;51532,236;;;;;;;;;;;;;;;;;;;;;;;;
Italy;Mauritania;Export;  All Products;Export (US$ Thousand);20008,152;12733,402;22200,872;14652,243;15150,306;14570,922;35457,108;34936,945;32378,774;33101,896;32826,374;26823,177;80833,361;29581,345;41226,884;32360,579;22502,369;46685,555;74009,555;72448,823;118228,84;29424,45779;34541,48909;34741,77674;32825,08899;26155,41153
Italy;Mauritius;Export;  All Products;Export (US$ Thousand);45234,696;56707,144;64973,468;61324,816;69327,68;67265,642;64157,785;59558,147;64978,411;67254,539;81213,575;86716,993;79384,359;97811,889;98272,476;68617,166;95246,392;115965,302;91299,424;102054,58;95086,297;85887,72234;106837,1552;90259,37312;101018,9147;108632,8958
Italy;Mayotte;Export;  All Products;Export (US$ Thousand);;;;;;;1733,493;1445,966;1457,74;2890,61;3669,305;3578,255;3365,771;4097,914;14832,692;6598,101;5303,172;5342,384;4884,097;8878,085;;;;;;
Italy;Mexico;Export;  All Products;Export (US$ Thousand);926130,432;616285,44;830069,696;1123914,24;1340237,44;1320550,266;1671888,943;1753037,365;1810566,543;2033858,016;2228808,334;2617283,157;3166703,901;4664682,804;4080111,525;2397185,16;3317333,592;4454172,76;4808688,423;4359655,677;4084820,233;3859603,36;4086884,886;4796156,743;5074419,611;4327093,128
Italy;Micronesia, Fed. Sts.;Export;  All Products;Export (US$ Thousand);13,227;276,768;153,781;398,159;360,379;48,498;190,902;326,051;102,122;178,825;28,223;147,427;19,128;11,443;77,084;2,604;11;191,747;15,875;89,808;6,246;18,5292681;19,02311439;3,688908892;18,42539578;15,60052639
Italy;Moldova;Export;  All Products;Export (US$ Thousand);13485,084;24272,608;44063,752;58106,448;70464,296;49896,417;59477,386;76341,056;93067,517;109653,99;137934,027;152492,833;192401,682;239475,229;289565,624;194980,154;220293,732;285640,193;273190,066;284268,196;294135,83;220260,8462;227672,3927;264086,4703;294492,1447;304190,6416
Italy;Mongolia;Export;  All Products;Export (US$ Thousand);3045,719;8912,548;26526,084;20251,204;3634,761;3867,88;2014,023;5053,882;3290,074;4145,895;10352,164;6075,237;7870,307;22702,262;31285,05;13276,183;18876,437;34319,675;41211,464;49495,545;47643,077;28666,76968;34070,5229;46218,61857;39816,21194;54232,62878
Italy;Montenegro;Export;  All Products;Export (US$ Thousand);;;;;;;;;;;;;177321,118;206384,064;299877,003;167937,835;142787,744;153307,505;145003,473;174647,28;156460,357;135136,1348;147531,081;166042,8475;193620,1144;189135,9221
Italy;Montserrat;Export;  All Products;Export (US$ Thousand);;374,09;131,156;289,244;407,467;1625,298;696,804;390,44;1865,752;3347,284;2582,41;987,394;95,345;222,153;309,421;187,131;104,29;616,859;370,053;1113,713;1642,628;1845,702878;1110,542487;268,7604568;45,82535737;149,6743721
Italy;Morocco;Export;  All Products;Export (US$ Thousand);601540,672;625824,96;691410,816;566752,512;632952,32;629383,684;651468,014;725301,579;766533,768;989466,784;1151956,086;1231139,896;1417674,831;1960122,035;2457815,359;1896981,644;1885047,076;2043854,756;1756176,53;2029598,819;1876831,923;1627712,28;1782215,325;2128559,551;2394555,233;2312735,118
Italy;Mozambique;Export;  All Products;Export (US$ Thousand);19991,312;23869,648;28498,116;21088,052;12345,145;23879,016;15932,913;15627,96;17700,966;25759,183;26217,435;23829,399;29718,083;43799,07;35071,596;54015,474;65526,5;70550,182;57731,212;75600,759;95285,752;59574,98777;47821,61785;45010,34217;74934,00822;65139,75668
Italy;Myanmar;Export;  All Products;Export (US$ Thousand);2611,703;8627,647;31955,352;44825,52;18793,864;20682,289;12968,516;10768,722;3173,949;5494,162;10986,21;5288,105;16656,807;97607,993;6037,67;9475,656;20663,559;19503,052;30469,865;73302,338;153079,252;77892,3753;102090,0389;100288,8238;116807,3906;90515,3087
Italy;Namibia;Export;  All Products;Export (US$ Thousand);;;;;;;10747,891;8378,246;7548,567;9167,634;22537,157;17741,5;8874,364;9848,992;30703,356;14218,052;9863,182;57047,468;67843,803;82058,892;205449,931;23935,35277;78821,15529;98364,324;12890,92853;39445,83749
Italy;Nauru;Export;  All Products;Export (US$ Thousand);26,744;55,068;8,807;12,476;;1,685;10,177;;122,96;12,795;;4,788;2,483;8,961;;18,432;49,702;26,192;;69,892;;17,20685743;97,53647429;4,139712765;;1,630022707
Italy;Nepal;Export;  All Products;Export (US$ Thousand);3832,052;2991,663;4772,261;20523,46;11996,236;6765,224;10358,009;4744,656;2888,908;6835,398;4192,806;3911,777;4408,992;6126,702;7287,978;6866,986;8042,627;9597,718;10696,993;14785,897;19154,711;15552,93513;17566,93498;15433,76097;44853,49485;36025,255
Italy;Netherlands;Export;  All Products;Export (US$ Thousand);5440595,456;6822061,568;7437532,672;6785816,064;6939530,24;6772154,491;6361364,454;6464822,824;6529283,381;7177076,575;8277852,941;8972410,555;9968510,112;11799616,22;12657331,94;9864711,658;11007228,56;12592756,36;11934571,02;12047245,93;12473487,52;10599287,41;10743217,87;11863043,56;13781215,64;13434401,71
Italy;Netherlands Antilles;Export;  All Products;Export (US$ Thousand);131032,312;136523,6;112464,728;202738,848;159256,144;220019,079;155386,764;173014,63;116869,151;79062,194;77020,41;264111,894;545185,627;123750,255;462509,921;48678,12;70101,59;;;;;;;;;
Italy;New Caledonia;Export;  All Products;Export (US$ Thousand);16292,713;17868,956;21805,46;20083,412;20316,528;16288,726;17820,704;16985,666;17532,866;39590,801;29327,464;32352,28;41838,626;54519,313;86357,147;50713,272;78069,011;55869,893;55814,79;52682,316;49567,202;37569,0887;43571,85211;37923,52563;53550,62202;54688,38918
Italy;New Zealand;Export;  All Products;Export (US$ Thousand);198953,184;258843,856;297457,504;242078,112;212550,88;226263,662;223860,53;243118,289;299900,476;356254,68;432803,056;484893,399;417174,099;532995,762;551010,232;317598,264;372908,266;522028,74;481410,057;521846,974;554151,71;472286,4047;522231,0325;605729,8853;651773,6679;637975,4717
Italy;Nicaragua;Export;  All Products;Export (US$ Thousand);8669,412;7747,167;9959,795;5415,655;7950,375;9096,494;10651,158;8006,628;8197,467;8402,608;6428,699;9844,894;9605,109;9037,449;14349,33;13830,524;15407,709;37421,472;22681,973;24920,11;24823,987;23729,71958;35486,79835;31844,43652;23676,15731;16902,16893
Italy;Niger;Export;  All Products;Export (US$ Thousand);7476,311;5796,046;6074,863;8475,339;7656,792;8721,982;7038,076;9263,659;11407,565;14097,29;51069,16;50745,661;25859,588;24453,464;25922,038;23821,33;37130,853;33427,138;30855,619;32905,101;47205,897;19555,82347;16577,13334;17999,44399;21443,01731;27584,41863
Italy;Nigeria;Export;  All Products;Export (US$ Thousand);244427,76;218283,968;261730,64;365492;327536,384;330712,931;413236,77;492423,602;521331,7;729551,238;737881,956;703758,948;966975,673;1117927,089;1138829,437;1197797,52;1051424,351;1134135,951;1096684,36;1114911,012;1287767,57;799740,2573;544866,0093;550275,4376;868840,879;828095,8525
Italy;Niue;Export;  All Products;Export (US$ Thousand);;;;;;;;;32,338;5,482;2,914;4,947;;;;;;;56,007;29,255;;;;10,35380125;;41,35063098
Italy;Norfolk Island;Export;  All Products;Export (US$ Thousand);;;;;;;;0,789;220,647;156,439;63,661;35,84;62,001;159,593;;24,562;5,496;2,43;;93,771;;4,459394925;23,06827848;1,698140908;;32,79972889
Italy;North Macedonia;Export;  All Products;Export (US$ Thousand);267048,608;341592,576;242574,88;154955,872;165554,912;189466,33;224022,188;155115,446;114190,049;126594,356;169893,214;192077,152;205153,475;256430,027;326510,53;281451,327;267632,908;315248,626;285901,39;283280,654;315468,896;278659,2709;282230,3052;291521,4427;330602,5653;318938,309
Italy;Northern Mariana Islands;Export;  All Products;Export (US$ Thousand);1683,511;1549,955;955,776;3960,459;3433,025;723,446;2553,345;2342,907;5610,496;5169,089;8097,838;7922,144;4115,141;1705,152;1449,831;1245,366;1336,648;1668,082;1633,898;2564,187;2830,955;2670,525777;1982,31518;2159,488395;3085,563033;1689,735723
Italy;Norway;Export;  All Products;Export (US$ Thousand);778345,984;960704,768;1243109,76;1364789,248;1285772,544;1069740,094;891952,394;953099,251;1087495,492;1241374,924;1400595,308;1445076,69;1708125,041;2104828,668;2553091,224;1738046,543;1692883,629;1825656,003;1978912,818;2102068,287;2151202,177;1762403,909;1699312,953;1890770,831;2026850,094;2105639,816
Italy;Occ.Pal.Terr;Export;  All Products;Export (US$ Thousand);;;;;;;4057,916;2941,282;6849,159;2228,974;2706,406;2172,722;2288,98;2943,994;5227,402;5960,381;7940,842;7400,81;4982,88;10448,3;8820,748;13540,11745;20160,26356;25845,6888;29334,77114;34448,39499
Italy;Oman;Export;  All Products;Export (US$ Thousand);75993,24;71979,304;87431,712;233361,76;312640,8;162691,993;94326,531;115348,91;185366,011;205111,957;425870,587;171833,827;244387,266;405451,28;580944,232;413847,973;335737,795;429117,219;597211,024;576884,95;558953,655;721706,0925;902563,7046;739615,8304;791293,0917;541103,6331
Italy;Other Asia, nes;Export;  All Products;Export (US$ Thousand);1313310,464;1507527,552;1443606,016;1447788,16;1333544,448;1113822,273;1120735,889;965018,394;973296,485;1060034,671;1157478,3;1202808,082;1361217,427;1261974,34;1275434,95;1137638,097;1325195,559;1559322,782;1248218,645;1343702,477;1479356,351;1376764,063;1466352,611;1684054,595;1682069,603;1619185,114
Italy;Pakistan;Export;  All Products;Export (US$ Thousand);335534,72;510282,944;383943,488;325541,76;244528,848;261814,637;237022,197;261610,379;282453,373;327773,217;464068,787;563077,715;668980,37;702743,565;793144,59;839837,679;687328,959;506777,982;784555,988;571320,84;559395,582;488293,87;687352,2496;855006,6517;944446,2471;765294,8918
Italy;Palau;Export;  All Products;Export (US$ Thousand);;75,909;;30,766;34,828;66,549;;104,911;4,269;;;;22,92;3,36;;;;40,749;6,339;68,037;757,69;95,5416772;124,8612479;143,0799523;438,3107507;161,3420209
Italy;Panama;Export;  All Products;Export (US$ Thousand);349938,304;371515,872;907296,384;435607,168;459380,096;774497,346;696884,412;317540,087;630393,669;607576,026;808610,133;610146,635;246359,222;892215,745;324234,684;912796,132;306720,184;421580,302;353391,901;475909,449;579636,176;389221,9815;315192,6169;268495,226;296057,9039;342296,6811
Italy;Papua New Guinea;Export;  All Products;Export (US$ Thousand);3148,142;3171,938;3616,916;4044,501;4832,295;1351,093;2718,109;1138,843;1836,568;1357,654;1492,778;1644,217;1644,47;2733,677;5231,944;6425,581;22261,82;124670,242;297382,152;46048,322;18189,593;13731,4347;22924,6829;24045,49674;29576,52661;58062,09733
Italy;Paraguay;Export;  All Products;Export (US$ Thousand);46996,92;77875,328;103981,848;93142,896;86152,208;59327,77;59679,362;49684,046;44521,463;32162,828;33997,994;39048,51;41057,57;47505,804;64755,393;54868,504;79267,306;105542,062;90051,397;98062,175;101342,566;70308,33789;75564,8148;101530,9794;90543,85202;73632,94969
Italy;Peru;Export;  All Products;Export (US$ Thousand);157406,752;190261,904;189923,008;188013,76;168247,008;107667,681;117549,675;121773,678;155825,866;156545,259;151750,501;180096,94;244541,668;314063,082;623591,84;306779,809;395119,649;537164,118;629215,011;603525,748;504754,278;722504,1003;597399,0307;736682,9399;593328,147;643721,3387
Italy;Philippines;Export;  All Products;Export (US$ Thousand);221205,44;281879,776;405993,632;399201,984;243624,704;244808,198;271496,718;224857,168;246805,662;270300,606;312620,104;283458,519;266420,015;318609,621;392661,065;308850,034;337469,681;474052,576;480401,29;560199,83;582022,665;603512,3097;676010,3508;755268,1973;782360,8543;890052,6507
Italy;Pitcairn;Export;  All Products;Export (US$ Thousand);25,131;242,067;179,94;;;170,987;9,185;43,554;102,133;2,656;53,788;22,81;;13,91;1,658;16,227;;7,523;49,078;;47,754;;867,7463389;17,74517704;318,0794592;120,6631026
Italy;Poland;Export;  All Products;Export (US$ Thousand);1769293,696;2513728,768;3427539,968;3727249,152;3868697,856;3654709,99;3517053,958;3775119,071;4019204,406;5164461,547;6355644,717;6928774,513;8877929,821;12154716,16;14214665,54;10933978,7;11202853,44;12946345,76;11868740,17;12466844,58;13744083,24;12082931,02;12435978,79;14292779,51;16093017,18;15162688,12
Italy;Portugal;Export;  All Products;Export (US$ Thousand);2560674,304;3210580,736;3351877,632;3165420,288;3400583,168;3543834,465;3304070,188;3243818,154;3171792,531;3704522,458;4214212,396;4096684,246;4668125,644;4842539,598;5239753,643;5355407,851;4539666,759;4574069,374;3884005,936;4021088,548;4300614,131;3725131,501;3910010,435;4519381,02;4977089,739;4929294,451
Italy;Qatar;Export;  All Products;Export (US$ Thousand);99961,888;411116,96;311101,056;240794,336;162516,416;86955,72;183288,992;313387,47;242749,421;288938,711;397566,032;622619,807;1269478,804;2222082,23;2239247,9;1685420,067;1238071,034;1061673,912;1317688,798;1427636,417;1379872,138;1092683,681;1000404,59;1052589,218;1290272,341;1549941,306
Italy;Reunion;Export;  All Products;Export (US$ Thousand);52320,716;74591,648;;;;;;;;;;;;;;;;;;;;;;;;
Italy;Romania;Export;  All Products;Export (US$ Thousand);877265,344;1283087,36;1670450,944;1707918,208;2000440,832;2034982,168;2441935,728;2997283,583;3405286,338;4365771,418;5307834,607;5789291,022;6920412,261;8185788,541;9096928,199;5840143,443;6840357,678;8494059,865;7613943,995;7971637,509;8326700,523;7413522,983;7389887,108;8405943,654;9172700,584;8774738,154
Italy;Russian Federation;Export;  All Products;Export (US$ Thousand);2172926,72;2868677,376;3717366,272;3850464,256;3021429,504;1827535,698;2315962,271;3156032,676;3577734,961;4335263,489;6146087,161;7536237,069;9554181,59;13077923,17;15332104,8;8942259,818;10448333,31;12924862,74;12828033,37;14301937,14;12615964,63;7862630,619;7402632,523;8987781,081;8942304,832;8824050,212
Italy;Rwanda;Export;  All Products;Export (US$ Thousand);10090,292;4311,232;8342,587;8004,798;7320,33;5451,548;3640,904;3543,359;2946,364;2958,196;5009,475;3689,909;9717,181;5695,829;11123,88;10699,135;31090,683;8378,651;16690,346;21192,444;18724,453;19403,97792;10916,99613;12388,91749;15534,11307;10475,24017
Italy;Saint Barthélemy;Export;  All Products;Export (US$ Thousand);;;;;;;;;;;;;;;;;;;;1168,113;2595,566;2908,283688;9120,084668;6248,628648;23017,85743;13591,78201
Italy;Saint Helena;Export;  All Products;Export (US$ Thousand);5353,862;3222,342;7080,349;6016,292;4172,361;4044,695;7937,879;6692,368;4798,534;2753,083;86,576;88,166;87,499;296,043;43,008;4,418;32,789;509,793;;138,738;842,796;118,7276488;360,3825181;227,8435087;;141,0305498
Italy;Saint Maarten (Dutch part);Export;  All Products;Export (US$ Thousand);;;;;;;;;;;;;;;;;;;;10545,689;10759,642;11409,32146;17076,22759;10873,57699;21770,21433;18012,19312
Italy;Saint Pierre and Miquelon;Export;  All Products;Export (US$ Thousand);17558,528;2681,416;444,013;364,071;598,294;400,432;707,535;405,434;153,836;5202,68;3170,587;1784,488;672,197;137,116;52,274;161,59;51,089;223,963;592,781;203,526;126,296;125,1734309;327,6870589;123,5575459;532,6205085;715,637064
Italy;Samoa;Export;  All Products;Export (US$ Thousand);30,722;13,547;111,629;473,463;441,942;74,031;122,611;1282,224;786,855;164,647;175,41;331,835;200,062;1258,077;3317,005;203,813;963,205;451,269;202,08;521,514;645,862;262,8615446;746,6204504;1148,930729;820,2403339;291,875941
Italy;San Marino;Export;  All Products;Export (US$ Thousand);;;;;;;;;;;;;;;;;39486,125;73305,584;82744,599;64801,689;52361,457;43483,02009;32260,78331;40113,33087;44836,31271;39443,91192
Italy;Sao Tome and Principe;Export;  All Products;Export (US$ Thousand);1394,226;1312,937;362,949;156,825;161,079;399,034;150,66;181,066;410,382;3196,58;230,3;183,986;164,62;311,814;1010,329;276,789;237,686;826,37;1102,517;706,351;981,975;769,9411926;278,5951865;430,5323873;633,6653269;1375,692145
Italy;Saudi Arabia;Export;  All Products;Export (US$ Thousand);1556315,264;1523852,544;1855198,464;1713861,504;1644186,368;1419482,296;1428495,634;1584846,28;1729869,721;1799616,217;1819659,808;2226333,258;3040986,341;4147694,704;4861991,363;3398856,274;3531983,058;5166941,264;5194764,044;5950178,114;6398651,963;5665534,831;4633172,923;4442692,984;3654286,287;3667732,096
Italy;Senegal;Export;  All Products;Export (US$ Thousand);56462,384;52099,672;54220,588;91088,064;78098,616;107677,89;69631,264;82244,114;114180,373;110091,121;98188,895;131741,092;131433,979;138623,921;213390,722;137183,486;143410,754;169857,282;199691,855;235732,191;201670,324;223874,6421;246375,8982;248403,5052;300607,2547;327161,8441
Italy;Serbia, FR(Serbia/Montenegro);Export;  All Products;Export (US$ Thousand);31942,28;6822,467;419447,104;521169,76;534319,616;364791,485;484530,554;652736,185;734637,583;867511,633;1136381,622;1153966,281;1219978,444;1684691,165;1874682,264;1409583,483;1333152,022;1702366,457;1690157,949;2204103,605;2078044,348;1717857,04;1762850,794;1955586,007;2125450,006;2135736,576
Italy;Seychelles;Export;  All Products;Export (US$ Thousand);6616,295;5884,42;10560,216;14741,207;27721,68;22933,989;27729,184;26512,65;32082,251;40880,875;33501,692;39640,284;36263,408;29605,898;27637,683;28065,187;43684,514;30194,551;27616,457;46988,63;25982,062;22875,15075;23780,5615;26782,74736;29877,5752;30795,36856
Italy;Sierra Leone;Export;  All Products;Export (US$ Thousand);13760,318;7737,931;10005,493;6796,592;6980,22;2554,209;5057,068;19711,781;19167,085;19000,481;17198,48;7881,714;16031,302;10979,336;19627,551;6917,889;11526,154;18545,852;16596,425;13340,122;13294,351;10678,32875;8755,305136;8907,820144;7477,590743;5339,065489
Italy;Singapore;Export;  All Products;Export (US$ Thousand);1423757,952;1746950,784;2075454,208;1594613,76;1094748,672;1209423,827;1482973,86;1524950,337;1339502,761;1579452,731;1954921,475;1872306,801;2083417,297;2346327,336;2505716,191;2076854,433;1818961,795;2435019,263;2445048,567;2520870,738;2795275,035;2170165,287;2032951,622;2391001,394;2504824,507;2286029,279
Italy;Slovak Republic;Export;  All Products;Export (US$ Thousand);380232,192;511333,12;700753,344;669531,968;724068,544;678420,678;659283,507;808446,295;951074,002;1180720,229;1356183,885;1607992,938;2025399,288;2628518,023;2979609,303;2220356,965;2665945,86;3310014,837;3027184,49;3049571,157;3132614,427;2782695,15;3061030,559;3257033,372;3678898,571;3555711,306
Italy;Slovenia;Export;  All Products;Export (US$ Thousand);1423025,28;1922062,208;1955911,168;1982581,248;1899418,752;1758335,106;1944964,662;2000982,423;2070377,413;2625032,14;3072520,817;3351999,203;3946334,265;5202956,351;5824804,717;3974043,877;4740546,602;5527147,946;5344453,703;4797437,775;5010774,335;4114256,428;4077112,226;4798756,06;5679275,493;5268978,231
Italy;Solomon Islands;Export;  All Products;Export (US$ Thousand);138,732;144,034;571,158;81,693;194,021;73,148;83,044;18,904;61,146;946,032;513,539;996,983;2626,081;212,602;357,431;239,13;522,508;314,627;598,271;510,085;292,957;182,1357442;213,9079673;188,6303507;180,9862893;350,6754277
Italy;Somalia;Export;  All Products;Export (US$ Thousand);14674,183;6850,851;4593,864;6436,112;4940,633;5228,285;5504,361;3905,951;7510,102;4653,718;5760,573;2343,495;3222,534;2730,242;2414,13;3179,906;6888,537;14332,565;6801,775;14858,573;30350,7;24807,86337;22460,01016;37713,88714;41066,90525;37050,5919
Italy;South Africa;Export;  All Products;Export (US$ Thousand);866400,384;1172286,976;1243820,544;1164797,824;1057829,056;886592,802;901636,293;949342,232;940079,511;1074756,731;1397027,475;1586342,648;1950725,557;2071991,343;2071909,035;1457604,638;1750802,268;2365313,534;2283296,909;2526352,085;2499126,646;2109859,486;1764089,781;2090584,013;2371884,767;2083003,051
Italy;South Georgia and the South Sa;Export;  All Products;Export (US$ Thousand);;;;;;;;0,924;8,636;;19,241;72,254;38,573;4,247;20,062;120,977;16,285;72,047;4,405;1,757;;30,43096418;;9,922204559;1,583607873;8,335954036
Italy;South Sudan;Export;  All Products;Export (US$ Thousand);;;;;;;;;;;;;;;;;;;;1185,7;1331,628;1563,306679;3150,063103;10071,72796;1276,925663;3147,353302
Italy;Spain;Export;  All Products;Export (US$ Thousand);8920766,464;11311139,84;12627407,87;12335587,33;14040787,97;15055716,72;14908410,49;14999174,54;16238013,72;21200006,95;25438127,68;27658817,28;30443503,98;37242994,12;35144332,34;23045457,42;25726215,76;27450658,48;23536246,95;22793522,17;23936326,38;21905393,34;23294604,62;26279762,9;28599151,48;27450446,95
Italy;Special Categories;Export;  All Products;Export (US$ Thousand);11252,271;10638,114;9453,849;4194,739;8105,015;7706,105;332494,563;;;;;;;;2504,834;1894,673;19976,515;1372,831;1233,167;4485,415;5898,206;1524,774979;5394,216356;9897,10868;5029,442878;6577,192001
Italy;Sri Lanka;Export;  All Products;Export (US$ Thousand);57802,352;64701,716;89033,472;91392,4;84522,704;72391,066;66757,602;70415,792;91224,498;128449,298;151451,326;154116,843;186577,785;202399,912;238109,434;189638,636;209678,215;305418,33;264489,098;273894,966;290684,405;206344,3194;260691,7073;289352,0886;298421,4209;290829,2951
Italy;St. Kitts and Nevis;Export;  All Products;Export (US$ Thousand);113,548;100,268;173,191;246,652;385,833;47,525;462,767;398,758;405,738;33311,877;3486,373;518,842;1193,14;730,528;970,976;1019,804;14872,605;662,291;27198,453;13855,7;2927,476;17115,91038;1130,549231;2452,211507;6129,073004;905,9108684
Italy;St. Lucia;Export;  All Products;Export (US$ Thousand);1213,249;1454,616;1776,018;1542,754;1692,957;1842,295;2899,183;1526,851;1761,448;1549,777;1671,967;20577,147;63802,206;9446,244;5012,082;18252,714;4050,47;5608,329;3962,157;3103,456;2379,09;2106,268771;5264,709144;4477,424748;3212,607384;2770,807981
Italy;St. Vincent and the Grenadines;Export;  All Products;Export (US$ Thousand);11980,735;12523,961;7162,381;3178,615;10240,753;8071,568;6202,158;8972,21;4275,023;24835,465;50655,777;77711,157;57008,543;71486,207;46314,493;50987,546;15723,468;17850,876;9049,294;24760,384;6973,069;7977,642477;4452,684498;13046,72847;20070,56345;10797,83017
Italy;Sudan;Export;  All Products;Export (US$ Thousand);;;;;;;;;;;;;;;;;;;205502,762;181532,747;185370,312;137896,6743;143470,877;156071,9753;122048,9908;101485,3492
Italy;Suriname;Export;  All Products;Export (US$ Thousand);2798,015;1157,542;11919,983;6772,741;9481,756;2737,749;3590,296;2723,998;3560,945;8604,614;4221,976;7874,938;7417,108;35990,192;8163,627;11265,268;8858,537;10266,706;44174,722;190928,877;13647,895;22628,95956;8218,631579;15250,67584;10456,68215;13254,92147
Italy;Sweden;Export;  All Products;Export (US$ Thousand);1731166,848;2227126,272;2530137,856;2374479,104;2585503,744;2546722,43;2409790,366;2259953,189;2444535,27;3016379,085;3520792,854;3805154,208;4560632,786;5500414,235;5820943,814;3789884,842;4490579,288;5388388,794;4849667,856;5057976,233;5210311,999;4605927,895;4652588,692;5167279,202;5768076,592;5641017,344
Italy;Switzerland;Export;  All Products;Export (US$ Thousand);7169343,488;8767083,52;9267734,528;8214624,256;8513572,864;8069473,089;7890479,174;8794855,312;8865545,11;11303227,84;14628134,81;14503188,92;15858241,07;18236638,42;21202730,9;18905509,09;20955702,85;28734806,37;29463371,06;27096304,83;25329401,24;21331136,28;21019072,22;23295000,67;26445184,54;29151023,84
Italy;Syrian Arab Republic;Export;  All Products;Export (US$ Thousand);529942,688;470822,4;481829,664;379178,496;396743,968;360287,728;429959,503;484864,047;509110,61;525300,75;675433,199;831780,09;814290,7;1268018,874;1509281,699;993402,537;1548265,068;1258315,246;311433,82;166751,806;235831,143;153870,9142;78401,1752;105880,4934;122852,3634;131432,6839
Italy;Tajikistan;Export;  All Products;Export (US$ Thousand);5046,387;11641,945;3214,009;3433,001;5763,295;7875,671;6572,24;6112,55;4182,746;7267,949;9091,79;21563,229;15897,014;12717,755;23285,607;10589,339;18123,836;26735,689;17038,95;18763,341;29232,906;22825,77373;48327,44261;16026,75109;31993,44313;35109,81588
Italy;Tanzania;Export;  All Products;Export (US$ Thousand);60044,632;56105,976;64413,628;57072,424;54791,572;35494,734;38932,545;45815,981;39339,938;50261,842;54646,036;71936,011;128509,812;102850,259;114695,056;107222,975;75239,092;113595,994;118889,835;104368,985;87259,196;101079,8744;86838,48132;78751,7998;112198,3093;159054,1598
Italy;Thailand;Export;  All Products;Export (US$ Thousand);754114,432;1163248,256;1291245,184;767167,04;385881,984;355728,449;496851,829;580961,757;609330,119;702217,448;913602,998;908115,969;985656,659;1105580,255;1425772,952;1115058,698;1230305,17;1632931,167;1889029,1;1945596,313;1684239,65;1380825,37;1473790,401;1596282,63;1612960,464;1746193,073
Italy;Togo;Export;  All Products;Export (US$ Thousand);13880,795;23224,34;14104,651;33093,912;25622,424;21728,569;26609,358;44366,056;42667,35;58386,047;51779,397;69244,733;53549,12;84196,831;55889,097;99259,387;41282,756;73964,878;91768,303;50121,348;127231,824;101274,4638;33626,85492;52919,60913;73878,16958;95241,87524
Italy;Tokelau;Export;  All Products;Export (US$ Thousand);;;;;;;;;31,746;678,789;669,102;313,612;486,321;678,883;508,511;99,327;543,595;782,298;2412,169;2991,236;540,073;279,0785338;77,94907279;79,44881603;214,6982283;153,2142978
Italy;Tonga;Export;  All Products;Export (US$ Thousand);64,627;43,109;136,741;145,303;198,056;20,283;66,305;62,424;528,102;224,328;161,362;203,704;387,913;78,169;257,939;71,096;129,466;174,917;46,675;216,942;10,273;42,91793505;73,45358546;39,77468564;112,9029688;364,3380631
Italy;Trinidad and Tobago;Export;  All Products;Export (US$ Thousand);10270,182;11219,293;13132,237;65114,392;44975,588;22899,788;78454,643;119730,157;47609,079;83201,854;257707,19;82604,824;83077,181;133256,819;183120,086;78754,16;83702,45;94936,58;68775,019;111045,88;73095,487;98854,38467;83449,9195;66616,4578;88627,04359;95251,7024
Italy;Tunisia;Export;  All Products;Export (US$ Thousand);965171,776;1196201,472;1422434,688;1542387,328;1610409,984;1591783,759;1744940,608;1869009,27;1902248,901;2217427,253;2582200,588;3010476,422;3233103,351;3967369,766;4324339,54;3533362,796;4529910,436;4228622,746;4057080,474;4293105,496;4368466,953;3365859,563;3234580,998;3606907,032;4094871,685;3501836,813
Italy;Turkey;Export;  All Products;Export (US$ Thousand);1911558,016;3232702,464;4284158,72;4393310,72;4092656,384;2947661,036;4174689,868;3421815,885;3745565,756;5223698,376;6923192,143;7497700,22;8327875,598;9709347,806;10860800,19;7782699,128;10512536,15;13277857,63;13614012,43;13390457,55;12922964,46;11060444,97;10620981,88;11424866,4;10375699,54;9343500,294
Italy;Turkmenistan;Export;  All Products;Export (US$ Thousand);54647,024;12138,613;17451,464;18673,784;18780,84;11143,383;19483,782;14456,536;15898,164;56593,618;74910,245;24692,898;31269,786;19977,023;35496,573;165798,01;93945,919;314107,121;218290,685;183667,46;215417,385;233566,0911;249521,9714;125980,8269;38351,55192;59351,50687
Italy;Turks and Caicos Isl.;Export;  All Products;Export (US$ Thousand);2207,737;338,26;639,188;414,199;396,951;241,544;413,176;318,947;11335,78;10347,908;13773,698;16024,891;29845,632;9853,218;2496,533;876,753;711,014;923,29;921,453;3080,169;2139,628;1422,643418;2495,085093;3090,823212;3579,457238;10836,54433
Italy;Tuvalu;Export;  All Products;Export (US$ Thousand);118,776;13,348;42,866;22,526;8,778;5,618;52,482;285,975;136,987;240,414;88,437;59,113;13,384;15,222;8,143;9,301;;259,823;77,723;155,472;59,76;;;161,84311;43,14504196;67,21604624
Italy;Uganda;Export;  All Products;Export (US$ Thousand);18214,318;20040,096;18087,656;24889;16430,481;14465,224;12961,698;11137,041;12023,747;18849,44;18198,897;21749,763;27321,958;46959,496;66373,8;54927,331;52659,369;47181,377;58182,31;51499,153;50689,744;49182,41057;69725,13913;68967,43729;69256,05664;72193,44597
Italy;Ukraine;Export;  All Products;Export (US$ Thousand);243299,472;350593,152;391385,248;445183,584;482077,376;353369,864;418261,528;627726,654;717436,683;974264,477;1358962,522;1585815,415;2089194,124;2692821,056;3455715,946;1646058,766;1667612,48;2336820,89;2276385,382;2484253,97;1594933,253;1001013,76;1213446,716;1564634,312;1932414,781;1961605,046
Italy;United Arab Emirates;Export;  All Products;Export (US$ Thousand);1462733,824;1636015,104;1580744,448;1448310,656;1608819,968;1609808,824;1568490,389;1679289,561;1703651,636;2139756,4;2618788,957;3187994,812;4139323,156;6056288,262;7730365,277;5203560,213;4833765,58;6526796,659;7087672,331;7300671,033;7076032,888;6843969,555;6003330,468;6030810,233;5403047,618;5148805,421
Italy;United Kingdom;Export;  All Products;Export (US$ Thousand);12337385,47;14288773,12;16324947,97;16937978,88;17435637,76;16855137,19;16516365,32;16438944,74;17654653,75;21023866,56;24914773,47;24393365,03;25212708,26;28975331,11;28184195,25;20690755,97;23069823,47;24172152,43;24367366,68;26016912,94;27799021,26;24783063,96;24802558,06;26195222,43;28124183,53;28248708,89
Italy;United States;Export;  All Products;Export (US$ Thousand);14744627,2;16897662,98;18450176;18912677,89;20769904,64;21775741,04;24491887,51;23402907,13;24305001,23;24779046,21;27687326,13;29666491,41;30751495,58;33123151,61;33656532,18;23762857;26826431,7;31662267,12;34246957,17;35909527,23;39508765,87;39881612,96;40821344,46;45684759,31;50118654,04;50990414,74
Italy;United States Minor Outlying I;Export;  All Products;Export (US$ Thousand);;;;;;;31764,711;0,555;369,479;67,041;3,391;15,794;17,833;;2,11;;83,848;;;;;44,70923065;;24,58406388;1,290522237;142,8576082
Italy;Unspecified;Export;  All Products;Export (US$ Thousand);3576,27;6515,388;6555,853;13409,2;6474,179;1898196,05;2977775,898;2708958,33;2638873,52;3236197,361;3745129,228;3953078,8;4186675,852;4899473,648;5461145,958;4548632,157;5206070,489;6291425,661;2578385,468;2798516,751;3244641,122;2945228,374;3290398,656;3641941,322;4269280,093;4369609,415
Italy;Uruguay;Export;  All Products;Export (US$ Thousand);210126,944;227591,424;216946,592;229515,376;258244,032;188555,664;181405,23;147840,928;81884,381;77597,298;104741,727;105674,417;121008,996;120153,085;139907,116;119702,841;188226,748;188476,59;182914,353;229205,583;205349,246;218679,7972;241909,5856;254106,1968;289069,2851;268451,7467
Italy;Us Msc.Pac.I;Export;  All Products;Export (US$ Thousand);21450,406;44558,336;61238,604;30188,024;25485,76;31451,305;;;;;;;;;;;;;;;;;;;;
Italy;Uzbekistan;Export;  All Products;Export (US$ Thousand);33948,78;30400,88;47509,86;49388,58;66895,576;47660,06;48786,693;41467,485;64005,483;43892,491;68743,28;62619,236;40541,072;66646,064;107133,839;139547,576;131073,692;160750,947;141739,867;121491,707;197739,084;154212,6925;194648,0625;191056,8257;377957,4196;349843,4063
Italy;Vanuatu;Export;  All Products;Export (US$ Thousand);12101,053;1184,338;1665,087;324,257;3744,71;199,847;196,68;386,912;475,787;853,389;481,899;906,785;864,096;510,7;661,342;280,505;758,044;449,699;530,55;625,291;609,073;662,1286972;466,7052746;1813,685669;702,2166391;539,8409062
Italy;Venezuela;Export;  All Products;Export (US$ Thousand);411081,12;426131,52;493673,696;628692,16;743805,76;806655,598;682774,464;723353,239;590035,358;286071,759;523965,331;605292,667;838768,057;1043227,556;1079409,231;888048,459;807718,298;943879,408;1415894,802;954577,268;863056,571;480771,6256;253138,9799;167314,9403;131889,2312;95838,44228
Italy;Vietnam;Export;  All Products;Export (US$ Thousand);77705,776;104555,44;159219,216;120070,544;110867,128;112230,23;165473,877;250426,34;281329,081;366818,541;350520,501;270224,644;375340,881;695887,228;653915,071;669804,717;769978,986;767954,084;643609,582;893431,202;970568,509;1211611,764;1155081,99;1323735,779;1537957,7;1454436,054
Italy;Wallis and Futura Isl.;Export;  All Products;Export (US$ Thousand);4515,324;204,017;123,98;88,977;59,28;256,57;136,61;117,127;214,182;297,601;124,184;52,946;16,031;147,238;260,756;46,857;147,622;96,366;113,792;53,397;167,769;319,8427019;174,1423225;133,5723969;151,850268;90,55694145
Italy;Yemen;Export;  All Products;Export (US$ Thousand);77078,352;79402,304;104265,384;105967,872;169084,496;145451,847;94791,853;89482,788;97068,696;97138,631;115459,294;127596,911;118442,028;218875,194;178330,369;159515,263;163835,113;75568,154;101254,984;193636,583;122072,808;66218,18042;57444,45025;68491,17599;52046,00309;81596,50176
Italy;Zambia;Export;  All Products;Export (US$ Thousand);16073,025;11095,712;8972,915;10161,099;7588,576;6090,987;5960,472;3783,514;5839,371;4194,237;5460,723;11741,175;25290,902;19120,36;19087,666;11661,729;17275,187;35979,842;34152,023;37295,903;41796,986;49751,20678;16887,0542;18335,19119;27333,12861;137446,2049
Italy;Zimbabwe;Export;  All Products;Export (US$ Thousand);39055,696;43110,008;66982,196;49647,824;36129,392;26313,233;18632,504;12437,383;11903,017;10614,454;14342,126;10059,875;8806,268;10055,716;19391,612;7733,177;22060,781;24645,252;31195,52;53413,064;24344,612;21569,61661;17614,14479;21961,40445;17652,71568;13453,86373
