Reporter Name;Partner Name;Trade Flow;Indicator;1994;1995;1996;1997;1998;1999;2000;2001;2002;2003;2004;2005;2006;2007;2008;2009;2010;2011;2012;2013;2014;2015;2016;2017;2018;2019
Italy;Afghanistan;Import;Import Share in Total Products (%);0,4803;0,3397;0,3253;0,3861;0,3256;0,3856;0,3459;0,4274;0,2477;0,4964;0,3302;0,3096;0,2679;0,2615;0,2398;0,5011;0,4354;0,6535;0,614;0,789;0,8549;0,5484;0,5043;0,5731;0,5971;0,5742
Italy;Albania;Import;Import Share in Total Products (%);6,8641;9,1727;10,2053;8,9413;9,3814;8,7662;9,237;10,8669;10,8382;12,0372;11,8266;11,9298;13,0435;13,2055;14,3667;14,6405;14,9325;15,2908;16,4474;17,4008;17,58;18,5128;19,7764;20,8067;21,5834;23,2332
Italy;Algeria;Import;Import Share in Total Products (%);3,4221;2,8377;3,3747;2,6011;2,4827;3,2468;3,9878;4,477;3,5714;4,2399;3,6326;3,6533;3,709;3,4866;3,9023;3,5948;3,0475;2,592;3,4649;3,5284;3,4196;3,2244;4,0123;4,2319;4,4449;4,5053
Italy;American Samoa;Import;Import Share in Total Products (%);;;;;;;;;;0,062;0,0826;0,0206;0,0412;0,0654;0,0436;0,0436;0,1959;0,0871;0,0439;0,0438;0,0877;0,0658;0,0219;0,0441;0,0221;0,0442
Italy;Andorra;Import;Import Share in Total Products (%);0,4403;0,2198;0,6302;0,7112;0,814;0,9943;0,7935;0,8344;0,8671;0,9928;0,7637;1,2384;1,4012;1,1114;1,1118;1,2418;0,8272;0,8277;1,2719;1,2711;0,9864;1,3819;0,9428;0,9918;1,4816;0,9055
Italy;Angola;Import;Import Share in Total Products (%);1,3008;0,4396;0,4472;0,3861;0,4274;0,5885;0,468;0,6716;0,578;0,7653;0,6398;0,8462;0,6594;0,6537;0,8066;0,719;1,2843;0,7841;0,943;0,8766;0,8549;1,3599;1,1182;1,3886;0,9067;0,8834
Italy;Anguila;Import;Import Share in Total Products (%);;;0,0203;;;0,0609;0,0203;0,0814;0,0206;0,0207;0,0206;0,0206;;;;0,0218;;0,0871;;;;;;0,0441;0,0221;0,0442
Italy;Antarctica;Import;Import Share in Total Products (%);;;;;;;0,3459;;;;;;;;;;;;;;;;;;;
Italy;Antigua and Barbuda;Import;Import Share in Total Products (%);0,02;;0,0407;0,1422;0,1221;0,1218;0,1628;0,0204;0,1239;0,393;0,3302;0,4334;0,3091;0,2615;0,4142;0,1961;0,0871;0,1743;0,1316;0,1096;0,1315;0,1316;0,1535;0,1984;0,4423;0,2208
Italy;Argentina;Import;Import Share in Total Products (%);10,8465;12,6699;13,8849;13,5338;14,2043;15,2394;14,9339;14,6927;16,3914;18,0558;18,9267;19,5046;18,6689;17,3676;16,0453;15,1852;15,1502;14,071;11,864;10,9577;10,2367;10,2873;10,7213;9,9625;11,8753;10,5565
Italy;Armenia;Import;Import Share in Total Products (%);0,1801;0,2198;0,1423;0,2439;0,5088;0,3247;0,3052;0,6105;0,7638;0,6205;0,7224;0,6605;0,7624;1,0678;1,1554;1,2854;1,2843;1,6336;1,3158;1,5779;1,3591;1,2941;1,184;1,08;1,349;1,3251
Italy;Aruba;Import;Import Share in Total Products (%);0,06;0,06;0,122;0,0406;0,0814;0,1015;0,0814;0,0611;0,1239;0,1241;0,0206;0,0413;0,1236;0,109;0,109;0,0436;0,0653;0,0653;0,0439;0,1315;0,1315;0,0439;0,2631;0,0882;0,4423;0,3534
Italy;Australia;Import;Import Share in Total Products (%);14,5287;16,227;18,764;18,7767;20,4314;21,4692;22,0753;22,6699;21,9653;21,9855;22,3736;23,4056;23,944;22,8154;22,0405;20,3704;20,8533;20,6709;20,4386;19,7896;19,5747;20,7721;20,5657;21,8867;21,3401;21,7535
Italy;Austria;Import;Import Share in Total Products (%);59,936;66,9864;70,5225;70,636;72,1815;73,6607;79,1455;77,4115;78,7985;77,3113;78,1424;77,5232;77,9106;78,7971;78,7661;79,3246;81,8894;81,1152;82,3026;81,5472;81,4117;82,1233;82,2407;82,0807;76,161;79,4611
Italy;Azerbaijan;Import;Import Share in Total Products (%);0,4203;0,3997;0,4066;0,4877;0,6512;0,6291;0,8545;0,6512;0,7845;0,5377;0,8875;0,9494;1,0097;1,1549;1,0464;0,8497;1,2407;1,1109;0,943;1,4902;1,7317;2,2593;1,6444;1,631;2,2335;1,7889
Italy;Bahamas, The;Import;Import Share in Total Products (%);0,3002;0,7194;0,2236;0,2235;0,4274;0,6696;0,7121;0,3867;0,7432;0,5791;0,6398;0,5779;0,6594;0,3922;0,5886;0,5882;0,6095;0,5663;0,3509;0,7451;0,6795;0,7677;1,469;0,6833;1,1057;1,7889
Italy;Bahrain;Import;Import Share in Total Products (%);1,2207;1,4388;1,3417;1,5444;1,628;2,0901;2,0346;2,3403;2,2915;2,4199;2,0227;2,4768;2,5139;2,5714;2,4417;2,2876;2,8515;2,2871;2,3904;2,6298;2,5427;3,3779;3,0257;2,8433;3,4056;4,2845
Italy;Bangladesh;Import;Import Share in Total Products (%);3,7022;4,7762;3,9236;4,7958;5,1282;4,4846;5,0661;5,1282;6,0487;6,0807;6,9969;6,4396;7,7478;7,0168;7,6521;7,037;7,3139;7,4711;7,3026;7,8895;8,0447;8,9274;8,8796;9,4335;9,4427;10,0928
Italy;Barbados;Import;Import Share in Total Products (%);0,1801;0,2398;0,7115;0,1422;0,2239;0,345;0,3052;0,4274;0,3097;0,3102;0,289;0,3096;0,2473;0,2397;0,4142;0,3268;0,2394;0,1307;0,1974;0,263;0,1534;0,2193;0,1754;0,3086;0,2875;0,1767
Italy;Belarus;Import;Import Share in Total Products (%);3,6422;4,5963;4,1675;5,2225;4,7212;5,3369;4,2319;5,291;5,0372;5,3775;5,2425;5,903;5,9551;5,4042;5,5592;4,5534;4,9412;4,8791;4,1886;5,1282;4,6032;4,5185;4,7139;4,298;4,8872;6,2058
Italy;Belgium;Import;Import Share in Total Products (%);;;;;;75,9537;80,529;78,5307;79,583;77,5801;78,741;78,9886;78,9821;81,107;81,077;80,5882;81,7806;82,7489;82,1053;82,5773;82,42;83,3077;83,1397;83,8439;78,7041;82,553
Italy;Belgium-Luxembourg;Import;Import Share in Total Products (%);73,8043;72,9616;75,3608;74,6393;75,9666;;;;;;;;;;;;;;;;;;;;;
Italy;Belize;Import;Import Share in Total Products (%);0,1001;0,04;0,0203;0,0813;0,1628;0,345;0,529;0,4274;0,1858;0,3102;0,2064;0,3096;0,1236;0,0436;0,0872;0,0218;0,1088;0,0653;0,0877;0,1972;0,1534;0,1097;0,0877;0,1102;0,1106;0,1988
Italy;Benin;Import;Import Share in Total Products (%);0,3202;0,3397;0,3253;0,4064;0,4477;0,5073;0,4883;0,4477;0,7019;0,4964;0,516;0,5573;0,5358;0,4576;0,3924;0,305;0,4354;0,3267;0,307;0,3287;0,3946;0,4606;0,4385;0,4849;0,4423;0,4196
Italy;Bermuda;Import;Import Share in Total Products (%);0,08;;0,1423;0,1016;0,1832;0,1826;0,2645;0,1832;0,1032;0,1034;0,1445;0,1445;0,1442;0,109;0,1526;0,0654;0,1741;0,1743;0,1096;0,0219;0,1315;0,1535;0,2193;0,2645;0,3317;0,3092
Italy;Bhutan;Import;Import Share in Total Products (%);0,02;;;;;0,0203;;0,1018;;0,0414;;0,0413;0,0618;0,0218;0,0654;0,0436;0,0218;0,1089;0,1754;0,0438;0,0877;0,1316;0,0658;0,0882;0,1106;0,1546
Italy;Bolivia;Import;Import Share in Total Products (%);1,2007;1,219;1,4434;1,585;1,6484;1,5625;2,0549;2,5845;2,2709;2,3578;2,7657;2,8689;2,6581;2,3099;2,2455;1,6993;1,6979;1,3505;1,3596;1,3368;1,7098;1,9083;1,5348;1,4988;1,6586;1,5901
Italy;Bosnia and Herzegovina;Import;Import Share in Total Products (%);0,9606;1,299;3,3543;5,2835;7,0004;8,056;8,4842;9,1779;9,2486;10,5688;10,4231;10,9185;11,8071;11,4404;12,3828;12,2222;12,5599;13,5047;12,9386;13,9163;14,0947;14,1259;14,1197;14,7454;15,3914;15,5477
Italy;Botswana;Import;Import Share in Total Products (%);;;;;;;0,3255;0,2239;0,1445;0,1448;0,2064;0,0619;0,0824;0,0218;0,0654;0,0871;0,0653;0,1089;0,2632;0,2411;0,1096;0,1316;0,1754;0,0882;0,0885;0,1767
Italy;Bouvet Island;Import;Import Share in Total Products (%);;;;;;;;;;0,0207;;;0,0412;0,0436;;;;;;;;;;;0,0442;
Italy;Brazil;Import;Import Share in Total Products (%);20,9726;21,5827;22,9721;22,1296;22,5682;24,168;25,0254;26,8417;28,3031;31,6029;32,6109;33,6017;33,1754;32,4907;31,5021;29,1503;29,2773;28,8826;27,0395;26,3204;28,1236;26,9138;27,472;27,2647;27,6648;27,4514
Italy;British Indian Ocean Ter.;Import;Import Share in Total Products (%);;;0,0203;;0,0204;0,0406;;;;;0,0206;;0,0206;0,0436;0,0436;;;0,1089;0,0219;;;0,0439;;;;
Italy;British Virgin Islands;Import;Import Share in Total Products (%);0,04;;0,061;0,0813;0,0611;0,1015;0,1424;0,1018;0,0826;0,1241;0,1651;0,1238;0,103;0,1307;0,1526;0,1743;0,1741;0,1307;0,1096;0,1315;0,1754;0,1974;0,0877;0,3086;0,2211;0,0663
Italy;Brunei;Import;Import Share in Total Products (%);0,2401;0,1799;0,3659;0,2235;0,2442;0,2638;0,5086;0,346;0,289;0,2689;0,3096;0,1445;0,2061;0,0654;0,0436;0,1743;0,1306;0,196;0,0658;0,3068;0,2411;0,1755;0,2193;0,2204;0,3096;0,3092
Italy;Bulgaria;Import;Import Share in Total Products (%);15,5493;17,3461;15,9382;17,4761;18,2947;19,1153;21,4039;23,199;26,0116;26,3082;27,6574;28,6894;29,9608;30,2027;31,1969;30,6754;35,2199;35,7656;37,9825;38,5711;40,0701;42,7506;45,8891;46,3963;40,314;48,8516
Italy;Bunkers;Import;Import Share in Total Products (%);;;;;;;;;;;;;;;;;;;;;;;;0,022;;0,0221
Italy;Burkina Faso;Import;Import Share in Total Products (%);0,3802;0,3397;0,6099;0,4674;0,7326;0,4667;0,8545;0,6512;0,7432;0,5377;0,7018;0,6605;0,7624;0,8063;0,5232;0,4139;0,6095;0,5881;0,5263;0,5041;0,6138;1,0748;0,5481;0,3747;0,3096;0,4638
Italy;Burundi;Import;Import Share in Total Products (%);0,3802;0,3997;0,2236;0,0813;0,1018;0,2029;0,1831;0,2035;0,1445;0,1034;0,1445;0,1651;0,2061;0,1961;0,1744;0,1089;0,0653;0,1743;0,1316;0,1096;0,1534;0,0877;0,1316;0,1102;0,1769;0,1767
Italy;Cambodia;Import;Import Share in Total Products (%);0,2401;0,2398;0,3659;0,63;0,7733;0,8929;0,9563;0,7937;1,218;1,1789;1,3829;1,3622;1,7927;1,5254;1,6787;2,0479;2,1768;2,6356;2,9386;3,4626;3,9237;4,6721;4,7797;4,8931;5,042;5,0133
Italy;Cameroon;Import;Import Share in Total Products (%);1,5209;1,239;1,6263;1,4022;1,3431;1,3596;1,7294;1,6687;2,3121;2,3578;1,7544;1,7957;2,2254;2,4406;2,0057;1,4597;1,6761;1,5901;1,4912;1,5779;1,644;3,1147;1,7759;1,8074;1,9903;1,568
Italy;Canada;Import;Import Share in Total Products (%);27,3764;29,996;30,3517;31,2741;31,8885;32,5081;32,5738;32,4786;32,6383;33,3402;32,9618;34,386;34,4529;33,7764;32,9627;31,1329;30,2786;31,4311;30,3728;30,0899;30,4253;30,6646;31,5501;30,6149;31,8885;33,326
Italy;Cape Verde;Import;Import Share in Total Products (%);0,1001;0,1199;0,122;0,1016;0,1221;0,0812;0,1424;0,1628;0,1239;0,1034;0,1032;0,5366;0,3297;0,3705;0,1526;0,2614;0,2177;0,1089;0,1316;0,1315;0,1754;0,3071;0,1973;0,1543;0,2211;0,3313
Italy;Cayman Islands;Import;Import Share in Total Products (%);0,1401;0,0799;0,0813;0,061;0,0407;0,0812;0,061;0,1018;0,1239;0,2275;0,1445;0,1858;0,0824;0,1961;0,218;0,3268;0,4136;0,2396;0,1974;0,3506;0,263;0,1974;0,2412;0,2865;0,6413;0,2871
Italy;Central African Republic;Import;Import Share in Total Products (%);0,2001;0,1399;0,0813;0,0813;0,1018;0,1218;0,1831;0,1832;0,2684;0,1034;0,2683;0,1858;0,1855;0,1743;0,1526;0,0654;0,1306;0,196;0,1096;0,0877;0,1096;0,1316;0,1754;0,0661;0,0663;0,0883
Italy;Chad;Import;Import Share in Total Products (%);0,08;0,0799;0,0813;0,0813;0,0407;0,0203;0,0814;0,1018;0,0826;0,0827;0,1238;0,0619;0,1236;0,109;0,0654;0,0436;0,0871;0,1307;0,0658;0,0877;0,0438;0,4606;0,0877;0,1984;0,0663;0,0663
Italy;Chile;Import;Import Share in Total Products (%);5,2431;5,8153;6,851;6,6653;7,7534;7,9343;7,2431;7,5295;7,2874;7,8594;7,7812;8,0702;8,3247;8,041;7,1942;6,9063;7,118;7,0355;7,3904;7,2759;6,7076;7,1507;7,2353;6,8107;7,8284;8,1051
Italy;China;Import;Import Share in Total Products (%);44,6868;47,4021;48,1399;49,9898;53,0322;56,0065;58,352;60,0122;64,2444;66,515;69,5975;73,5191;76,3239;78,2088;77,9813;76,8845;77,2965;78,3054;77,4781;77,5805;77,9263;78,2189;78,0092;78,51;78,8589;78,8648
Italy;Christmas Island;Import;Import Share in Total Products (%);;;;;;;;;0,0206;;;0,0206;0,0618;0,109;0,0436;;0,0435;;0,0439;;0,0438;0,0439;0,0219;0,0661;0,0221;
Italy;Cocos (Keeling) Islands;Import;Import Share in Total Products (%);0,08;;0,0203;0,061;;0,0406;;;;;0,0206;;0,0206;0,0872;0,0436;;0,0218;;0,0219;;;;0,0219;0,022;;0,0221
Italy;Colombia;Import;Import Share in Total Products (%);5,083;5,4556;5,2043;4,938;4,8026;4,7687;5,2289;6,0236;7,2461;7,2596;7,6367;7,6367;8,1187;6,8424;6,8454;6,6013;7,6404;7,1662;6,9956;7,0787;7,694;7,8745;7,0379;7,6262;7,5188;7,1113
Italy;Comoros;Import;Import Share in Total Products (%);0,1001;;0,0407;0,0813;;0,0203;0,0407;0,0407;0,0413;0,0414;0,0619;0,0206;0,0412;0,0654;;0,0436;0,0218;0,0218;0,0219;0,0877;0,1315;0,1316;0,1316;0,0441;0,0885;
Italy;Congo, Dem. Rep.;Import;Import Share in Total Products (%);0,7004;;0,7522;0,7316;0,4681;0,2435;0,4273;0,407;0,3509;0,4757;0,4541;0,5366;0,5151;0,6102;0,545;0,3922;0,283;0,5228;0,5044;0,4383;0,4165;0,3071;0,4385;0,551;0,575;0,4196
Italy;Congo, Rep.;Import;Import Share in Total Products (%);0,8405;1,1191;0,8742;1,3209;1,4042;0,974;0,9563;0,9361;1,0528;1,0548;0,9288;0,9701;1,0097;0,9588;1,0464;1,3725;1,6326;1,5683;1,3158;0,9643;1,3152;1,5135;1,3813;1,0359;0,973;1,1705
Italy;Cook Islands;Import;Import Share in Total Products (%);0,02;;0,0407;;;0,0203;;;0,0206;0,2482;0,0413;0,0206;0,0412;0,0436;0,0436;;0,0218;;0,0439;0,0657;0,0438;0,0219;0,0439;;0,0221;0,0221
Italy;Costa Rica;Import;Import Share in Total Products (%);1,4809;1,7186;2,3379;1,707;2,3199;2,0901;2,4008;2,2385;2,8282;3,1851;3,0134;2,0021;2,7612;2,4624;2,2891;2,2004;2,3727;2,7009;2,6754;2,3669;2,5427;2,4128;2,4775;2,8212;2,5874;2,3852
Italy;Cote d'Ivoire;Import;Import Share in Total Products (%);2,5215;2,3981;2,5005;2,7027;2,8287;3,2468;2,8281;2,7676;2,9108;2,8542;3,0341;2,807;2,5345;2,3752;2,5071;2,4837;1,9591;1,6336;1,7763;2,0381;1,6879;2,3689;2,5652;2,0939;1,7912;1,5901
Italy;Croatia;Import;Import Share in Total Products (%);24,975;24,6003;24,5375;24,2634;24,0537;23,4984;22,8281;24,827;26,6515;27,0734;27,9876;28,8132;29,5487;29,4618;29,0386;27,2767;26,8176;26,7698;26,4693;33,7716;36,5848;38,3856;42,2495;43,3546;37,594;45,9364
Italy;Cuba;Import;Import Share in Total Products (%);0,8805;1,6187;2,0329;2,5198;2,8083;2,6583;2,8688;3,1136;3,365;2,7921;2,6213;2,6006;2,1636;2,1355;1,8967;1,5468;1,3714;1,2198;1,0088;1,3588;1,2495;1,2503;1,2497;0,9698;0,6855;0,8613
Italy;Curaçao;Import;Import Share in Total Products (%);;;;;;;;;;;;;;;;;;0,501;0,614;0,0219;;;;;0,0221;0,0442
Italy;Cyprus;Import;Import Share in Total Products (%);3,342;4,1167;4,9197;4,938;4,7416;5,418;5,3306;5,3724;5,2642;5,1086;4,4995;3,7358;3,3175;4,5108;4,6872;5,2723;7,0527;9,3008;8,8596;7,7581;9,0969;11,0551;11,7518;12,5193;11,5657;15,2827
Italy;Czech Republic;Import;Import Share in Total Products (%);30,038;31,3949;32,7506;34,4645;35,9381;37,8044;40,4476;41,8396;41,7011;41,8821;44,2105;41,7544;44,4467;47,1562;48,2886;48,8889;51,3714;53,7356;54,1667;57,1335;58,7681;61,9215;63,6045;63,5883;58,3812;68,7721
Italy;Denmark;Import;Import Share in Total Products (%);38,9033;38,0096;39,4389;40,8454;41,6768;44,1356;50,3561;46,0114;46,4905;43,3919;44,4788;44,8916;46,157;48,7252;48,0052;49,1721;51,7849;51,5356;50,9649;52,6846;54,3402;55,0998;55,2072;56,1605;50,2211;58,2818
Italy;Djibouti;Import;Import Share in Total Products (%);0,2802;0,2598;0,244;0,1422;0,3663;0,4261;0,5086;0,3053;0,3303;0,4137;0,2064;0,2477;0,4945;0,1961;0,2616;0,2832;0,1306;0,2832;0,1754;0,0657;0,0877;0,1974;0,1754;0,0661;0,4423;0,0663
Italy;Dominica;Import;Import Share in Total Products (%);0,2001;0,2798;0,1423;0,1016;0,1425;0,0812;0,1221;0,1221;0,1652;0,0827;0,1651;0,0826;0,1442;0,109;0,0872;0,1525;0,1088;0,0436;;0,0438;0,0877;0,1097;0,0439;0,022;0,0663;0,0663
Italy;Dominican Republic;Import;Import Share in Total Products (%);2,1013;1,4588;1,8093;2,215;1,7298;2,0089;2,2177;2,6862;3,5095;2,9576;3,2611;3,5501;3,6266;3,6391;3,6189;3,2462;3,1563;3,1366;3,3553;3,112;3,0031;3,2244;3,0914;2,8653;3,3835;3,4231
Italy;East Timor;Import;Import Share in Total Products (%);;;;;;;;;0,1239;0,1861;0,0619;0,0206;0,0206;;0,0218;;;;;0,0657;0,0438;0,0219;0,0219;0,0661;0,0221;0,0221
Italy;Ecuador;Import;Import Share in Total Products (%);2,6816;2,7778;3,1917;3,3733;3,5613;3,6729;3,7233;3,9276;3,9224;4,1365;4,2105;4,9123;4,5127;4,4672;3,6843;3,4641;3,5481;3,6593;2,9825;3,0024;3,0031;3,1147;3,4422;2,9755;3,3171;3,4894
Italy;Egypt, Arab Rep.;Import;Import Share in Total Products (%);11,4469;13,5891;13,6613;13,3103;14,4078;15,5032;15,6256;15,6695;16,6391;16,7115;17,1104;18,2869;18,9573;20,7888;20,5799;20;20,6791;20,6709;20,3728;18,5185;18,7199;19,0173;19,0309;19,5283;19,7037;20,053
Italy;El Salvador;Import;Import Share in Total Products (%);0,6204;0,5795;0,4676;0,6706;0,814;1,0552;0,9969;0,9565;1,3006;1,241;1,0526;1,1146;1,3188;1,1549;1,1336;0,7843;0,9142;1,1109;0,9868;1,0739;1,1399;1,2941;1,2278;1,2563;1,349;1,6343
Italy;Equatorial Guinea;Import;Import Share in Total Products (%);0,1401;0,1399;0,1423;0,1219;0,0814;0,1623;0,1221;0,1018;0,2064;0,2275;0,1651;0,1032;0,4327;0,2397;0,3706;0,2614;0,3483;0,4139;0,3509;0,1972;0,3726;0,3071;0,2412;0,2425;0,1327;0,265
Italy;Eritrea;Import;Import Share in Total Products (%);;0,0999;0,2643;0,4877;0,7733;0,8929;0,5697;0,4274;0,6193;0,5171;0,6192;0,516;0,4945;0,5666;0,8938;0,6536;0,6748;0,7841;0,8553;0,6575;0,4165;0,3729;0,4166;0,2865;0,3981;0,3313
Italy;Estonia;Import;Import Share in Total Products (%);1,741;1,4588;2,3989;2,3979;3,0932;3,6729;4,2116;4,8637;5,1817;5,3981;5,8824;4,0454;4,3272;5,4914;5,1232;6,3181;8,99;10,5859;9,4956;10,2564;11,53;15,0691;18,1101;18,5806;14,3963;14,3551
Italy;Eswatini;Import;Import Share in Total Products (%);;;;;;;0,3052;0,3053;0,2477;0,3723;0,3509;0,2683;0,5358;0,3705;0,4578;0,4139;0,3918;0,4139;0,4605;0,3726;0,1973;0,1755;0,2193;0,1984;0,2875;0,3313
Italy;Ethiopia(excludes Eritrea);Import;Import Share in Total Products (%);1,1607;1,5188;1,6467;1,3412;1,0175;1,0552;1,3835;1,3228;1,3212;1,2616;1,3622;1,9608;1,8957;1,7869;2,0929;1,8083;1,8067;1,5901;1,5789;1,4683;1,8194;1,4916;1,469;1,4327;2,1451;1,811
Italy;Faeroe Islands;Import;Import Share in Total Products (%);0,04;0,02;0,0813;0,0203;0,0407;0,1015;0,061;;0,0826;0,1655;0,1858;0,0413;0,1648;0,0654;0,0872;0,0436;0,0435;0,0436;0,1096;0,1096;0,0438;0,0877;0,2412;0,1984;0,2433;0,1325
Italy;Falkland Island;Import;Import Share in Total Products (%);0,08;;0,061;0,0203;0,0611;0,0609;0,0203;0,0611;0,0619;0,0414;0,0413;0,0619;0,0824;0,0654;0,0436;0,0218;0,0218;0,0218;0,0219;0,0438;;0,0219;;;0,0663;0,0442
Italy;Fiji;Import;Import Share in Total Products (%);0,4803;0,5795;0,4676;0,3048;0,407;0,345;0,4069;0,2239;0,1445;0,2275;0,3509;0,4541;0,2679;0,2179;0,1526;0,1525;0,1524;0,2178;0,0219;0,1753;0,1534;0,1974;0,1754;0,1543;0,1327;0,0883
Italy;Finland;Import;Import Share in Total Products (%);22,7136;21,8425;23,7243;22,4954;24,6642;25,2232;28,8911;28,6935;27,8695;27,2182;26,6254;27,8638;28,3536;29,0477;29,6054;29,2593;32,3465;32,3677;32,2588;31,7773;31,1705;31,8272;32,1201;33,0395;27,9301;37,3675
Italy;Fm Sudan;Import;Import Share in Total Products (%);0,4603;0,5795;0,6912;0,6096;0,8954;0,8726;1,1597;1,5059;0,8051;0,7239;0,6811;0,7018;0,9479;0,7409;0,8284;0,6754;0,5442;0,6535;;;;;;;;
Italy;Fr. So. Ant. Tr;Import;Import Share in Total Products (%);;;;;;;;;;0,0207;;;0,0412;0,0218;;0,0218;;0,0218;;;;0,0219;;;0,0221;
Italy;France;Import;Import Share in Total Products (%);92,8157;92,1463;93,332;92,9486;93,1624;93,5471;95,1577;93,5083;93,9513;93,5264;93,3746;93,2508;93,2001;94,3561;93,7432;93,5512;94,9935;94,7942;94,6272;94,6526;94,9145;94,4067;94,431;94,622;91,5524;92,6237
Italy;Free Zones;Import;Import Share in Total Products (%);0,08;0,06;;;;;;;;;;;;;;;;;;;;;;;;
Italy;French Guiana;Import;Import Share in Total Products (%);0,2802;0,2998;;;;;;;;;;;;;;;;;;;;;;;;
Italy;French Polynesia;Import;Import Share in Total Products (%);0,1201;0,1799;0,183;0,1829;0,3053;0,3044;0,4476;0,2442;0,3509;0,2689;0,3509;0,4334;0,3915;0,3051;0,1962;0,1525;0,2612;0,2614;0,2851;0,2849;0,3288;0,351;0,3289;0,3747;0,3096;0,4638
Italy;Gabon;Import;Import Share in Total Products (%);0,4603;0,4396;0,6099;0,4674;0,407;0,7102;0,5697;0,6309;0,5987;0,7032;0,4954;0,516;0,6388;0,5666;0,6758;0,6536;0,5224;0,7188;0,5263;0,7232;0,7672;0,5264;0,5701;0,6612;0,4644;0,53
Italy;Gambia, The;Import;Import Share in Total Products (%);0,1001;0,2798;0,0813;0,1829;0,1628;0,142;0,1628;0,1018;0,1445;0,1448;0,1238;;0,0206;0,0436;;0,0436;0,0871;0,0653;0,1096;0,0219;0,2192;0,1535;0,1754;0,2204;0,1327;0,0883
Italy;Georgia;Import;Import Share in Total Products (%);0,4803;0,4396;0,7319;0,7925;0,9972;1,1364;1,2614;1,2414;1,3212;1,3237;1,7131;1,3829;1,6279;1,2203;1,1336;1,9826;1,6108;1,3723;1,864;1,819;1,7536;2,4567;2,1487;3,5045;3,1181;3,8648
Italy;Germany;Import;Import Share in Total Products (%);95,1171;94,5044;95,1006;95,2042;94,9735;95,9416;97,2533;96,6015;97,1305;96,3392;96,8215;96,8215;96,6413;96,8839;96,9479;96,427;97,3008;97,5822;97,3684;97,0195;97,3038;97,3898;97,2155;97,6857;96,0858;96,2456
Italy;Ghana;Import;Import Share in Total Products (%);1,681;1,9185;1,9313;2,0931;1,9129;2,2727;2,4008;2,4013;2,4566;2,668;2,7038;2,7657;2,3903;2,8329;2,8123;2,1786;2,2638;2,396;2,3246;2,2354;2,0386;2,1057;2,7626;2,1159;2,5431;2,7385
Italy;Gibraltar;Import;Import Share in Total Products (%);0,2802;0,2598;0,2236;0,2235;0,1221;0,2435;0,2442;0,0814;0,2684;0,2068;0,227;0,2683;0,2679;0,3051;0,2398;0,2832;0,3483;0,2178;0,1096;0,1096;0,1315;0,1316;0,1316;0,2204;0,3981;0,1546
Italy;Greece;Import;Import Share in Total Products (%);26,716;28,4772;30,433;29,6891;30,8506;32,3255;35,8901;32,8449;34,3311;30,0931;32,2188;33,808;34,3499;35,5415;36,7779;35,817;40,2917;39,7299;39,8246;38,6369;38,5357;39,0875;40,1666;43,024;34,6307;46,5106
Italy;Greenland;Import;Import Share in Total Products (%);0,1601;;0,0813;0,0406;0,0204;0,0812;0,0814;0,0204;0,0619;0,0207;0,1238;;;0,0436;;0,0218;;0,0218;0,0219;0,0438;;;0,0219;;0,0221;0,0442
Italy;Grenada;Import;Import Share in Total Products (%);0,04;0,04;0,0407;0,0203;0,0204;0,0609;0,0203;0,0814;0,0413;0,0207;0,0206;0,0413;0,0824;0,109;0,0436;;0,0218;0,0218;0,0219;0,0219;0,0219;0,0658;0,0439;0,1543;0,1327;0,0221
Italy;Guadeloupe;Import;Import Share in Total Products (%);0,4002;0,4996;;;;;;;;;;;;;;;;;;;;;;;;
Italy;Guam;Import;Import Share in Total Products (%);;;;;;;;;0,2684;0,2689;0,3715;0,2683;0,2473;0,3269;0,1308;0,1525;0,3265;0,2396;0,3728;0,263;0,285;0,1755;0,2412;0,3747;0,5971;0,6625
Italy;Guatemala;Import;Import Share in Total Products (%);2,6016;2,2582;2,3582;2,2963;2,3403;2,151;2,3194;2,3199;2,0644;2,6267;2,1053;2,2497;2,4521;1,9612;2,3327;1,939;1,8502;1,9168;2,0833;1,6217;2,2359;2,0838;2,061;2,711;2,4104;2,3852
Italy;Guinea;Import;Import Share in Total Products (%);0,3202;0,4996;0,4879;0,5487;0,5291;0,7508;0,9156;0,7123;0,6193;0,6412;0,6398;0,6811;0,7418;0,4358;0,3924;0,3922;0,3047;0,3921;0,3947;0,4164;0,4165;0,329;0,2412;0,2204;0,1548;0,4196
Italy;Guinea-Bissau;Import;Import Share in Total Products (%);0,2201;0,1399;0,2033;0,2032;0,1221;0,1623;0,0814;0,1018;0,1239;0,2482;0,1238;0,1032;0,103;0,0872;0,0872;0,0871;0,1088;0,0218;0,0658;0,0657;0,0438;0,1535;0,1754;;0,0442;0,0221
Italy;Guyana;Import;Import Share in Total Products (%);0,1801;0,0999;0,1016;0,5893;0,2035;0,142;0,2645;0,3256;0,1858;0,1448;0,1238;0,1858;0,2061;0,1743;0,2398;0,2179;0,3047;0,2832;0,2193;0,1753;0,263;0,2413;0,3508;0,3747;0,3096;0,5742
Italy;Haiti;Import;Import Share in Total Products (%);0,3402;0,3397;0,3659;0,2845;0,2239;0,3247;0,1628;0,1425;0,1445;0,2068;0,1651;0,1651;0,3091;0,2179;0,3052;0,1743;0,1741;0,2832;0,5921;0,3726;0,6138;0,3948;0,4604;0,4408;0,575;0,2871
Italy;Heard Island and McDonald Isla;Import;Import Share in Total Products (%);;;;;;;;;0,0206;;;;;0,0218;0,0436;;;;0,0219;;;;;;;
Italy;Holy See;Import;Import Share in Total Products (%);;;;;;;0,3255;0,1018;0,2684;0,3516;0,289;0,3509;0,3297;0,2397;0,3052;0,2614;0,0871;0,3703;0,6798;0,0877;0,1096;0,0439;0,1096;0,1984;0,199;0,0663
Italy;Honduras;Import;Import Share in Total Products (%);0,4803;0,7194;0,5692;0,8535;0,5495;0,8117;0,8545;0,814;0,6193;0,848;0,9494;0,9494;1,0303;1,2639;1,199;1,1983;1,0448;1,0673;1,3596;1,0519;1,4248;1,0748;0,9866;1,0359;1,3268;1,3472
Italy;Hong Kong, China;Import;Import Share in Total Products (%);20,9326;22,0624;23,704;24,4259;25,7224;26,2175;27,2431;27,1876;27,8076;27,425;28,8751;31,2281;32,5572;31,9895;31,0007;28,4096;27,34;28,5123;27,0614;26,0574;26,9399;27,4183;25,1041;26,1406;26,0062;26,7447
Italy;Hungary;Import;Import Share in Total Products (%);29,2776;31,255;32,2627;32,4324;34,127;35,6128;36,7854;38,0342;38,7077;38,1593;39,711;37,6677;38,6359;40,5535;40,3314;40,2614;43,3174;44,9357;48,3114;48,1481;49,5835;51,3709;52,8831;55,3009;50,9067;57,4205
Italy;Iceland;Import;Import Share in Total Products (%);1,5409;1,299;1,0978;1,5647;1,4652;1,9481;2,116;1,9536;2,2502;1,9442;2,0846;2,1465;1,9576;2,1573;2,1801;2,6797;1,8938;1,895;2,0833;1,8628;2,1482;2,2812;2,4775;2,138;2,1672;1,8772
Italy;India;Import;Import Share in Total Products (%);24,8149;28,3573;31,0022;31,5383;33,6386;35,5925;38,2706;38,5836;41,3295;44,1986;45,8411;48,7513;49,6188;51,4055;50,9265;50,1961;50,0871;52,0802;50,8772;51,304;51,7536;51,3928;52,3569;52,5457;54,5113;54,439
Italy;Indonesia;Import;Import Share in Total Products (%);16,1097;17,7658;18,0931;19,5692;20,6146;20,0487;20,468;20,9605;22,0479;22,8335;23,2198;23,7771;23,7997;24,0793;24,0026;23,5512;24,1837;23,5461;23,0263;23,0112;23,0381;22,5269;22,8678;22,5039;22,4237;22,5265
Italy;Iran, Islamic Rep.;Import;Import Share in Total Products (%);5,6034;3,9968;3,3543;4,3284;5,3114;5,8036;6,002;6,0033;6,5855;7,1975;7,5335;7,7193;8,2011;7,4308;7,6303;6,732;6,269;5,6633;5,0439;4,4269;4,4498;5,2862;6,2048;5,8409;6,4131;5,0353
Italy;Iraq;Import;Import Share in Total Products (%);0,06;0,06;0,122;0,0813;0,1425;0,2232;0,2645;0,346;0,1032;0,3723;0,3715;0,4334;0,3709;0,3269;0,2616;0,61;0,5877;0,4139;0,5921;0,5917;1,1179;1,1406;1,184;1,4767;0,7961;1,2588
Italy;Ireland;Import;Import Share in Total Products (%);22,6336;22,6219;24,6392;23,9992;24,2165;25,5073;28,3215;27,2487;27,3121;25,0259;24,1073;25,4283;25,5718;26,5853;25,8121;26,122;29,5821;29,4271;30,0658;29,2352;31,0171;32,4633;35,8913;35,8387;29,7877;31,1175
Italy;Israel;Import;Import Share in Total Products (%);21,9131;23,761;24,9848;25,4013;25,9463;25,5885;27,7111;25,9463;24,9587;25,8325;26,5635;26,7286;27,55;26,7379;26,9893;25,6209;25,7945;26,051;24,7368;24,3918;24,7041;23,5139;23,8763;23,3194;23,4852;24,3595
Italy;Jamaica;Import;Import Share in Total Products (%);0,5803;0,4796;0,5489;0,5893;0,6919;0,6494;0,8342;0,6919;0,4748;0,7239;0,5986;0,7018;0,4121;0,3269;0,4142;0,2179;0,2612;0,3485;0,4386;0,3945;0,3069;0,3729;0,3508;0,3306;0,5529;0,3092
Italy;Japan;Import;Import Share in Total Products (%);47,5085;48,5212;48,7091;48,8925;50,2646;51,7654;51,6582;51,7094;51,3832;51,334;50,9185;51,3106;53,06;52,5387;52,3436;49,1503;50,0435;49,4881;49,1667;48,3673;49,2986;50,4058;49,9013;50,8265;52,322;52,3852
Italy;Jordan;Import;Import Share in Total Products (%);1,8011;1,8385;2,7241;3,1904;3,4188;3,3482;3,235;2,5031;3,076;2,213;2,7451;3,1373;3,3794;2,9636;3,0521;3,268;3,0692;3,0494;3,3772;3,0462;3,0469;3,8824;3,6396;4,0776;3,5604;4,1519
Italy;Kazakhstan;Import;Import Share in Total Products (%);1,1407;0,9992;1,0368;1,0973;1,2821;1,2784;1,4852;1,8315;2,2296;2,151;1,8163;2,6213;2,5345;2,4624;2,7033;3,4423;3,3087;3,2237;3,2018;2,7613;3,9895;3,9482;3,3984;3,747;4,3344;3,7544
Italy;Kenya;Import;Import Share in Total Products (%);2,5015;2,4181;2,7038;2,845;3,2153;3,1047;3,3367;3,0322;3,2618;3,3919;3,5294;3,4262;3,3381;3,1161;2,7905;2,8758;3,1781;3,1148;2,9825;3,0901;3,4634;3,2244;2,916;2,4245;3,1623;3,1581
Italy;Kiribati;Import;Import Share in Total Products (%);;;;0,0203;;0,0609;;;0,0206;0,0207;;0,0206;;;0,0218;;;0,0218;0,0219;0,0438;0,0438;;;0,022;;
Italy;Korea, Dem. Rep.;Import;Import Share in Total Products (%);1,2007;0,8193;0,7725;1,0161;1,0175;2,0698;2,3398;1,9536;0,9909;1,303;0,8875;0,6605;0,8654;0,5012;0,3052;0,3268;0,3047;0,2178;0,2412;0,3287;0,1534;0,1755;0,2193;0,0661;0,0663;0,0663
Italy;Korea, Rep.;Import;Import Share in Total Products (%);25,1751;27,1183;28,8677;28,5511;32,5397;32,569;33,4486;33,72;35,2601;36,3392;35,7482;36,7802;38,9862;38,8756;38,5219;36,7974;37,6796;38,619;38,4649;37,563;38,3823;38,1224;38,0618;39,3432;39,6285;39,1564
Italy;Kuwait;Import;Import Share in Total Products (%);1,9212;1,8385;1,6263;2,2556;2,4624;2,6989;2,5025;2,442;2,8282;2,2751;2,3529;2,8896;2,5963;2,6585;3,0739;3,0501;3,1998;2,897;3,8158;4,2297;4,669;4,4308;4,3192;4,6727;5,241;5,4549
Italy;Kyrgyz Republic;Import;Import Share in Total Products (%);0,5003;0,4996;0,2236;0,4064;0,2442;0,2232;0,2645;0,1832;0,3922;0,2275;0,2477;0,289;0,3091;0,3705;0,4796;0,2397;0,2177;0,2178;0,2193;0,1753;0,2411;0,2632;0,4604;0,3086;0,3096;0,3313
Italy;Lao PDR;Import;Import Share in Total Products (%);0,4603;0,4796;0,7522;0,8738;1,2617;0,832;0,8952;1,1396;0,9909;1,2203;1,1765;0,9701;0,8654;0,5884;0,8066;0,8061;0,7401;0,7188;0,8333;0,8328;0,7014;0,7896;0,7235;0,9478;1,5038;1,0601
Italy;Latvia;Import;Import Share in Total Products (%);1,5009;1,9584;1,8703;2,2353;2,8897;4,1193;3,5198;4,3142;5,1817;5,2327;4,4376;4,871;5,8521;6,2105;7,2814;8,4096;9,5559;11,1305;11,2281;11,5494;10,7847;13,9724;15,786;18,1618;16,5856;24,9337
Italy;Lebanon;Import;Import Share in Total Products (%);3,7022;3,5771;4,4318;5,5477;5,3521;4,7687;5,0254;5,5759;5,6771;5,7911;5,8824;6,1094;6,3878;5,1427;4,818;4,8366;5,5072;6,1642;6,0965;6,3774;6,1157;6,2733;6,9502;6,8107;7,6736;6,6917
Italy;Lesotho;Import;Import Share in Total Products (%);;;;;;;0,0407;0,0814;;0,062;0,0413;0,0413;0,0824;0,0218;0,0218;;0,0218;0,0653;;0,0877;0,0658;0,0219;0,0439;0,0661;0,1106;
Italy;Liberia;Import;Import Share in Total Products (%);0,2001;0,2398;0,2033;0,2032;0,3053;0,345;0,4069;0,407;0,3716;0,3723;0,1651;0,1651;0,2473;0,0872;0,109;0,1089;0,0871;0,1743;0,2412;0,2192;0,1534;0,1097;0,2412;0,1102;0,2433;0,1546
Italy;Libya;Import;Import Share in Total Products (%);1,4409;1,4388;1,606;1,4834;1,6687;2,5365;2,4822;1,9333;1,8167;2,3578;3,0547;3,2405;3,1321;2,6803;2,4853;2,4837;2,5903;1,8732;1,2061;1,9724;1,8194;1,2064;1,162;0,9698;1,0836;1,0601
Italy;Lithuania;Import;Import Share in Total Products (%);2,9218;2,8377;3,1104;4,3894;5,0875;6,3312;6,7345;7,6109;7,6383;8,3557;8,999;7,162;7,6448;8,6075;9,6795;10,5664;12,3422;14,8116;15,7237;16,9187;17,9965;21,6495;25,148;28,2125;25,0774;35,3357
Italy;Luxembourg;Import;Import Share in Total Products (%);;;;;;18,5877;21,8515;20,4314;19,7358;18,3661;19,257;19,4634;20,2555;21,6387;21,9751;20,6972;23,1389;24,0906;23,3333;24,8959;27,1372;28,1202;28,9849;27,1104;24,613;32,288
Italy;Macao;Import;Import Share in Total Products (%);2,3014;2,558;2,5412;2,3572;2,3403;2,2321;2,4822;2,1775;2,7044;2,6474;3,2405;3,1373;3,0909;3,3341;3,5753;3,0937;2,7645;2,8534;1,9298;1,3807;1,644;1,7109;2,6968;2,7551;3,1181;3,379
Italy;Madagascar;Import;Import Share in Total Products (%);1,5809;1,7386;1,789;2,3572;2,2996;2,6583;2,8891;2,9101;2,4773;3,0196;2,6419;2,9721;2,9878;3,5956;3,1175;3,0065;2,8951;2,7663;2,6316;2,4764;3,0031;2,3689;2,3898;2,689;2,6758;2,8489
Italy;Malawi;Import;Import Share in Total Products (%);0,3802;0,3997;0,3253;0,3251;0,4884;0,487;0,4476;0,3256;0,3097;0,3516;0,516;0,3096;0,3709;0,3705;0,327;0,2614;0,2177;0,2396;0,3947;0,1972;0,1754;0,1316;0,2412;0,1984;0,2433;0,1767
Italy;Malaysia;Import;Import Share in Total Products (%);13,6282;14,4085;14,5965;15,0376;15,7306;16,112;16,5615;16,8905;17,114;17,8697;19,2157;19,0918;20,5234;19,6339;19,7515;18,4096;18,8071;19,1026;18,6842;17,62;18,7637;18,1399;18,5705;19,2418;19,2172;18,6396
Italy;Maldives;Import;Import Share in Total Products (%);0,1001;0,0999;0,1423;0,3048;0,1832;0,1826;0,2035;0,1628;0,1239;0,3723;0,2064;0,289;0,3297;0,2615;0,2616;0,2397;0,2177;0,2178;0,2851;0,263;0,1754;0,2413;0,2631;0,3086;0,3981;0,2871
Italy;Mali;Import;Import Share in Total Products (%);0,5003;0,4996;0,3863;0,3861;0,4274;0,5276;0,6511;0,7733;0,8464;0,8066;0,6605;0,6192;0,7418;0,6973;0,4578;0,2614;0,3918;0,3267;0,3289;0,3287;0,3507;0,3729;0,3508;0,3967;0,2654;0,2208
Italy;Malta;Import;Import Share in Total Products (%);8,0849;8,4932;8,0504;9,0022;8,0586;9,0706;8,4232;7,9976;8,8357;8,3557;7,967;6,935;9,6435;8,2807;8,6985;8,4314;11,0797;13,8968;13,75;15,4942;17,4704;19,0393;19,2502;18,7348;10,7032;17,2924
Italy;Marshall Islands;Import;Import Share in Total Products (%);;;;;0,0204;;0,0203;0,0611;0,0619;0,0207;0,0413;0,227;0,0824;0,0654;0,0436;0,0654;0,0435;0,1089;0,0219;0,0219;0,0877;;0,0877;0,1322;0,0885;0,1546
Italy;Martinique;Import;Import Share in Total Products (%);0,3202;0,1199;;;;;;;;;;;;;;;;;;;;;;;;
Italy;Mauritania;Import;Import Share in Total Products (%);0,4002;0,4596;0,3659;0,4877;0,5902;0,4261;0,4476;0,4274;0,6606;0,6825;0,7018;0,743;0,9685;0,8063;0,654;0,5664;0,5007;0,6752;0,636;0,7013;0,833;0,7019;1,0086;0,6171;0,5971;0,5742
Italy;Mauritius;Import;Import Share in Total Products (%);2,3614;3,0975;2,6835;2,845;2,7473;3,0235;3,6419;3,0525;3,7159;3,8263;4,7678;3,9216;4,3478;3,4866;3,1829;3,4205;2,8298;2,9623;2,6974;2,7394;2,7839;2,6102;2,6749;2,5347;2,5874;2,9152
Italy;Mayotte;Import;Import Share in Total Products (%);;;;;;;0,0203;;0,0206;0,0207;;0,0619;;;0,0654;0,0218;0,0435;0,0218;0,0658;0,0438;;;;;;
Italy;Mexico;Import;Import Share in Total Products (%);11,587;14,5284;15,2877;16,6836;17,3789;18,2427;20,061;20,3093;19,2816;20,393;20,5573;21,5686;22,1512;22,7283;23,0652;20,9804;21,8981;22,6748;22,6535;22,5729;23,3889;25,2687;25,4111;25,2369;25,7629;26,3693
Italy;Micronesia, Fed. Sts.;Import;Import Share in Total Products (%);;;;;;0,0203;;;0,0206;;;;;;0,0654;;;0,0218;;;0,0219;0,1316;;;0,0221;
Italy;Moldova;Import;Import Share in Total Products (%);1,681;2,2782;2,8054;2,6417;3,8462;4,5252;4,8016;5,7794;5,4707;6,2668;6,419;6,8937;8,0157;8,8908;8,2843;8,1917;7,7928;8,081;8,4649;7,9115;7,979;8,2474;9,077;8,596;8,6024;9,2535
Italy;Mongolia;Import;Import Share in Total Products (%);0,1001;0,1998;0,1016;0,1219;0,3663;0,4261;0,4069;0,3867;0,3716;0,4343;0,6605;0,9082;0,9685;0,6319;0,7194;0,8497;0,8925;0,8059;0,5921;0,8547;0,8549;1,0529;1,1401;1,08;1,4595;1,1042
Italy;Montenegro;Import;Import Share in Total Products (%);;;;;;;;;;;;;2,2048;1,8087;2,2673;2,1786;2,0026;2,0475;2,2807;2,2135;2,5647;2,5444;2,5652;2,7331;2,9412;2,8048
Italy;Montserrat;Import;Import Share in Total Products (%);;0,06;0,0407;0,0406;0,0611;0,1015;0,1424;0,1018;0,0206;0,1034;0,1651;0,1032;0,1236;0,0218;0,0654;0,0218;0,0218;0,0218;;;;0,0219;0,1096;0,2204;0,1106;0,1104
Italy;Morocco;Import;Import Share in Total Products (%);10,6264;12,0504;12,3806;12,152;13,1054;13,2508;13,5707;13,9601;15,1734;15,9049;17,3168;16,2848;16,0931;15,9512;15,1515;13,9434;14,323;15,0076;14,7368;13,7629;15,2126;15,6175;15,3914;14,9218;15,1039;15,636
Italy;Mozambique;Import;Import Share in Total Products (%);0,6604;0,4796;0,6099;0,4267;0,8547;0,5682;0,4883;0,7733;0,8051;0,9307;0,8669;1,1146;0,886;0,7191;0,763;0,6318;0,8925;1,0237;1,0746;1,2053;0,7453;0,9651;1,184;0,7274;1,4153;0,8392
Italy;Myanmar;Import;Import Share in Total Products (%);0,4403;0,3597;0,4269;0,8738;0,8954;1,1161;1,5056;1,8519;2,0851;2,1923;2,6213;2,0227;2,3285;1,7433;0,8284;0,8279;0,7619;0,8931;0,943;1,1834;1,8413;2,3031;3,3984;3,8131;4,2238;4,8366
Italy;Namibia;Import;Import Share in Total Products (%);;;;;;;0,9563;0,7733;1,4244;1,9855;1,259;1,1558;1,8133;1,7869;1,1118;0,8279;0,8272;0,7841;0,8333;0,8766;1,0741;0,8993;1,0086;1,058;0,9509;0,9938
Italy;Nauru;Import;Import Share in Total Products (%);;;0,0203;0,0203;0,0204;0,0203;;;0,0206;;0,0206;;;;0,0436;0,0436;0,0653;;0,0439;0,0219;0,0219;0,0658;0,0439;;;
Italy;Nepal;Import;Import Share in Total Products (%);2,2013;1,9784;2,1752;2,3776;2,1978;3,4903;3,6012;3,8055;4,1288;4,4467;4,355;4,9948;4,286;3,7481;3,9895;3,4205;3,744;3,6376;3,7281;3,1558;3,4853;3,2463;3,0914;3,1519;2,9412;2,9152
Italy;Netherlands;Import;Import Share in Total Products (%);74,985;75,1998;78,5119;77,7281;78,8156;79,8701;82,9908;81,4408;81,8538;79,7725;80,0206;80,4128;80,8572;83,5476;82,8646;81,9608;83,9791;85,1013;85,1096;86,2152;86,1683;86,8831;87,0862;87,8334;83,2375;84,3419
Italy;Netherlands Antilles;Import;Import Share in Total Products (%);0,2001;0,5795;0,3049;0,4471;0,407;0,5276;0,3866;0,4274;0,7845;0,7239;0,5573;0,4334;0,4533;0,5012;0,5668;0,3704;0,653;;;;;;;;;
Italy;New Caledonia;Import;Import Share in Total Products (%);0,08;0,3197;0,122;0,1626;0,1425;0,1623;0,1221;0,2035;0,1652;0,1861;0,289;0,3509;0,4121;0,7191;0,2834;0,305;0,4571;0,5445;0,7018;0,5479;0,4384;0,3948;0,5262;0,2645;0,5307;0,2871
Italy;New Zealand;Import;Import Share in Total Products (%);5,4633;5,4956;6,546;6,3199;6,8783;7,6502;8,2604;8,7302;8,2164;8,5212;8,5036;9,453;9,4581;9,3484;9,4179;8,4749;8,6635;8,887;9,1447;8,9634;8,9873;9,1467;8,7042;9,147;9,7302;8,7898
Italy;Nicaragua;Import;Import Share in Total Products (%);0,5603;0,6994;0,7115;0,5893;0,5088;0,5885;0,6104;0,5291;0,7225;0,7239;0,5986;0,516;0,6388;0,5884;0,3052;0,5011;0,6748;0,5881;0,7895;0,789;0,9206;0,9651;0,9866;1,3225;1,0836;1,303
Italy;Niger;Import;Import Share in Total Products (%);0,2602;0,4596;0,244;0,3658;0,2239;0,3044;0,1628;0,3867;0,3097;0,3102;0,1858;0,4334;0,3091;0,3051;0,0654;0,1743;0,1741;0,0871;0,2851;0,2192;0,0658;0,1097;0,1316;0,0441;0,0442;0,0883
Italy;Nigeria;Import;Import Share in Total Products (%);2,8217;2,9177;2,8868;2,8653;3,195;3,47;3,2553;3,4799;3,5095;4,0745;3,7152;3,5294;4,2654;3,5302;3,6407;3,0937;3,1563;3,3544;3,3772;3,3531;3,1346;3,3341;4,4727;3,7029;3,6709;3,5336
Italy;Niue;Import;Import Share in Total Products (%);;;;;;;;;;;;;;0,0218;;0,0218;;0,0218;;;0,0219;;;;;
Italy;Norfolk Island;Import;Import Share in Total Products (%);;;;;;;;;;;0,0206;;0,0412;;;;;;;;;;;;;
Italy;North Macedonia;Import;Import Share in Total Products (%);7,1443;7,6339;6,6274;6,5027;5,1079;4,8701;5,2492;5,1079;4,583;4,4467;5,3457;5,9856;7,686;7,3436;7,5867;7,5163;8,0104;8,3424;7,9825;8,3936;7,979;8,0281;8,2;8,4197;8,3591;8,4364
Italy;Northern Mariana Islands;Import;Import Share in Total Products (%);0,02;0,0799;0,0203;0,1016;0,1018;0,1015;0,0203;0,0204;0,1032;0,0414;0,2064;0,1032;0,2061;0,1525;0,0872;0,0654;0,0435;;0,0219;;;;0,0219;;0,0663;0,0883
Italy;Norway;Import;Import Share in Total Products (%);18,371;19,5444;19,9634;21,2965;21,4082;21,2256;20,9359;21,1437;20,706;20,0414;19,773;20,2683;20,0082;19,6121;18,7486;18,4096;17,0222;18,2095;17,1711;17,3789;17,4923;17,8329;18,3512;19,2859;18,9076;20,1193
Italy;Occ.Pal.Terr;Import;Import Share in Total Products (%);;;;;;;0,1831;0,3053;0,4748;0,3102;0,5779;0,3302;0,3915;0,6102;0,3924;0,4139;0,5007;0,4356;0,4386;0,3945;0,548;0,4168;0,5481;0,3306;0,2433;0,2429
Italy;Oman;Import;Import Share in Total Products (%);0,6204;0,6395;1,0775;0,9144;1,1193;1,0958;1,2411;1,2821;1,4451;1,9855;2,1672;2,1053;1,8133;1,5036;1,6569;2,0044;2,1332;2,3524;2,1491;2,6956;2,2139;2,9173;2,7187;3,3943;2,72;3,7544
Italy;Other Asia, nes;Import;Import Share in Total Products (%);33,4201;34,2926;35,5357;34,8913;37,0777;37,4188;37,4161;36,6707;36,891;38,2213;39,0712;40,6398;41,0468;40,6407;40,6366;39,3682;39,2686;38,7062;39,0789;38,2862;38,7988;38,9778;38,5442;38,9905;38,5449;38,7809
Italy;Pakistan;Import;Import Share in Total Products (%);7,3244;7,6339;7,6235;8,352;9,0761;9,7808;10,8444;11,6606;12,2832;13,092;14,0351;15,0464;15,3513;15,864;14,6501;15,4902;14,6495;15,2254;15,3947;13,8725;14,8838;15,3542;14,8432;15,8034;15,9;16,5415
Italy;Palau;Import;Import Share in Total Products (%);;;;;;;0,0203;;;;;0,0206;0,0206;;;;;;;;;;0,0439;0,022;;
Italy;Panama;Import;Import Share in Total Products (%);1,0206;1,0991;1,3214;1,4225;1,2821;1,1567;1,6684;1,6484;1,858;1,6546;1,3416;2,0433;1,8133;1,6779;1,3952;1,2854;1,6543;1,4376;1,4474;1,7313;2,2578;2,4347;2,916;2,4245;3,1181;3,0919
Italy;Papua New Guinea;Import;Import Share in Total Products (%);0,1401;0,2798;0,3253;0,3048;0,3053;0,3653;0,3255;0,2849;0,3716;0,393;0,516;0,3096;0,4327;0,4794;0,3924;0,3268;0,3047;0,3703;0,307;0,526;0,4822;0,3948;0,3727;0,2645;0,3317;0,3534
Italy;Paraguay;Import;Import Share in Total Products (%);1,0206;1,4189;1,0165;0,8535;1,221;1,1161;1,2208;1,5263;1,4038;1,5926;1,4654;1,6305;1,4836;1,1331;1,5043;0,915;0,9142;0,9584;0,8991;0,9643;1,1618;1,338;1,3813;1,0359;0,9951;1,2588
Italy;Peru;Import;Import Share in Total Products (%);4,9029;5,1359;5,8548;6,3605;7,0411;7,082;7,7111;7,9365;7,5557;8,5419;8,7307;9,2054;8,9017;8,7601;8,2843;8,1046;8,8376;8,6474;8,3114;8,3059;8,79;8,7519;9,3401;9,5878;8,5582;9,0548
Italy;Philippines;Import;Import Share in Total Products (%);10,006;10,1918;10,307;10,7702;11,6199;11,0998;12,0244;11,4571;12,3865;13,5264;14,1176;15,0671;14,6713;13,2927;12,7534;11,6122;12,3857;13,0037;12,4123;12,5137;12,7137;12,2395;13,3523;13,0924;13,2685;12,1466
Italy;Pitcairn;Import;Import Share in Total Products (%);0,02;;0,0203;0,0203;0,0204;0,2029;0,0203;0,0407;0,2477;0,3723;0,1238;0,0206;0,0824;0,0872;;0,0436;;;;0,0219;;;;0,022;;
Italy;Poland;Import;Import Share in Total Products (%);25,8355;27,8977;28,9693;30,888;33,9031;36,3636;37,884;39,3976;40,0289;41,4685;45,0155;41,5893;44,9413;48,1368;51,4934;52,7233;56,9003;58,0919;60,9868;61,7795;64,5331;68,4799;70,0943;70,7957;65,3914;74,5362
Italy;Portugal;Import;Import Share in Total Products (%);29,6778;30,6555;32,8115;32,6356;32,3362;34,6591;39,4507;36,223;36,0652;36,7115;35,6863;37,0485;36,4311;38,6141;39,2195;38,4096;42,4031;43,912;46,4693;46,2415;45,2652;47,8175;50,0329;50,9808;43,0341;54,1299
Italy;Qatar;Import;Import Share in Total Products (%);0,8605;1,6787;1,606;1,7273;1,7501;1,6437;1,3021;1,4652;1,6102;2,0889;2,2085;4,5614;2,7406;2,8111;2,9867;3,6383;4,4623;4,6177;4,386;4,668;5,502;6,032;6,0952;6,7445;7,2313;8,1272
Italy;Reunion;Import;Import Share in Total Products (%);0,3002;0,2198;;;;;;;;;;;;;;;;;;;;;;;;
Italy;Romania;Import;Import Share in Total Products (%);23,4741;27,0983;28,2984;29,8517;30,3419;32,914;35,8494;38,5022;40,3386;40,8687;43,612;44,9948;45,8479;51,3402;50,5559;51,5904;56,4214;57,9612;59,0132;58,3388;59,5134;61,5925;62,1793;63,963;56,3689;61,8154
Italy;Russian Federation;Import;Import Share in Total Products (%);19,8119;20,7634;20,8782;19,4879;19,4343;17,8774;19,4507;19,9023;20,3551;20,7239;22,1053;22,6419;24,6652;23,1205;22,8036;21,0458;20,1785;20,3442;22,1491;23,6906;23,8053;23,3385;23,6571;24,5537;25,9841;26,4797
Italy;Rwanda;Import;Import Share in Total Products (%);0,2802;0,1599;0,2033;0,2642;0,2035;0,2638;0,3662;0,2849;0,4335;0,3516;0,1651;0,2477;0,3091;0,2397;0,1962;0,1743;0,2394;0,2614;0,2851;0,2192;0,1973;0,2852;0,285;0,3086;0,3317;0,1988
Italy;Saint Helena;Import;Import Share in Total Products (%);0,02;;0,061;;0,0611;0,0609;;0,0407;0,0206;0,062;0,0413;0,0619;0,0206;;0,0218;0,0436;;0,0436;;0,0438;0,0438;;0,0658;0,1322;0,0885;0,0442
Italy;Saint Pierre and Miquelon;Import;Import Share in Total Products (%);0,2602;0,1199;0,1626;0,2235;0,0204;0,0812;0,0814;0,1018;0,0413;0,0414;0,0206;0,0413;0,0412;0,0218;;;;0,0871;0,0219;0,0219;;0,0219;0,0219;;;0,0221
Italy;Samoa;Import;Import Share in Total Products (%);0,02;;;0,0203;;0,0406;0,0203;0,0204;0,0206;0,0207;0,0619;0,0413;;;0,0218;;0,0218;0,0436;;;0,0438;0,0219;0,0219;;;0,0221
Italy;Sao Tome and Principe;Import;Import Share in Total Products (%);0,04;0,02;0,0407;0,0203;0,0407;0,0203;0,0203;0,0204;0,0826;0,0827;0,0619;0,0619;0,1442;0,109;0,109;0,1307;0,1524;0,1743;0,0877;0,0657;0,0877;0,1316;0,0877;0,1102;0,1548;0,1104
Italy;Saudi Arabia;Import;Import Share in Total Products (%);6,0236;5,2158;6,546;6,5637;6,858;7,3458;7,06;7,265;7,4525;7,88;7,6367;7,6367;8,3041;8,346;8,6549;7,9739;9,2294;8,6909;10,307;10,5194;10,8505;10,3312;11,6203;10,734;11,8753;12,6546
Italy;Senegal;Import;Import Share in Total Products (%);1,5609;1,5388;1,3417;1,3615;1,7705;2,2321;2,3194;2,2792;2,5805;2,4819;3,0753;2,7657;2,7818;2,506;2,7687;2,4837;2,3291;2,3524;2,1711;2,323;2,2797;2,6102;2,916;2,667;2,7864;2,8269
Italy;Serbia, FR(Serbia/Montenegro);Import;Import Share in Total Products (%);0,3602;;8,8229;14,1435;14,4689;12,0333;12,8179;16,3411;17,9397;17,5388;18,2663;17,5232;18,4216;19,1109;19,9041;18,2789;19,2643;20,2135;21,0526;21,7401;22,7313;24,0623;24,2271;25,1708;25,1437;26,4355
Italy;Seychelles;Import;Import Share in Total Products (%);0,1201;0,2398;0,3049;0,2642;0,3663;0,6696;0,3459;0,3867;0,5367;0,4964;0,4541;0,4334;0,4327;0,1961;0,1962;0,1743;0,283;0,3049;0,307;0,3287;0,285;0,3729;0,2631;0,5731;0,3981;0,3313
Italy;Sierra Leone;Import;Import Share in Total Products (%);0,4203;0,3397;0,244;0,2439;0,1832;0,1218;0,061;0,0814;0,578;0,4343;0,3302;0,1858;0,4945;0,3922;0,2834;0,2179;0,3265;0,4139;0,2193;0,5041;0,285;0,3948;0,2631;0,3086;0,2654;0,1546
Italy;Singapore;Import;Import Share in Total Products (%);14,4887;15,3277;14,9827;15,4034;17,5417;17,0455;16,7243;16,7684;16,8869;16,2565;16,0784;17,5232;17,3295;16,3216;17,2226;15,7734;16,3909;16,6413;17,5219;16,9406;16,8786;16,8019;16,8603;16,134;18,0672;17,5353
Italy;Slovak Republic;Import;Import Share in Total Products (%);16,2497;17,4061;18,3167;19,2441;19,6988;21,53;23,6826;24,0741;25,64;26,3909;26,5428;25,3457;28,0033;30,6167;30,9353;31,1111;35,2634;35,3953;35,1535;35,7659;37,3301;40,8642;42,8196;42,7595;42,2601;52,8489
Italy;Slovenia;Import;Import Share in Total Products (%);34,5607;34,7722;35,2917;35,6228;36,0195;37,1144;37,0295;37,2609;38,5425;37,7042;39,3395;40,6811;41,1498;45,5873;45,1929;43,8344;51,6108;53,7356;54,8904;54,5255;55,3705;56,8984;57,6409;60,6348;48,6732;53,6219
Italy;Solomon Islands;Import;Import Share in Total Products (%);0,02;0,02;0,0813;;0,0611;0,0812;;0,0204;0,0206;0,0207;0,0413;0,0826;0,0618;0,0436;0,0654;0,0436;0,0871;0,0436;0,0439;0,0657;0,0877;0,0439;0,0658;0,0882;0,0442;0,0883
Italy;Somalia;Import;Import Share in Total Products (%);0,4403;0,2398;0,3049;0,3861;0,2239;0,3044;0,1424;0,2646;0,3097;0,2689;0,1858;0,1858;0,2061;0,1961;0,1308;0,0654;0,0653;0,1743;0,0877;0,0657;0,1096;0,1097;0,1316;0,1322;0,1327;0,1988
Italy;South Africa;Import;Import Share in Total Products (%);12,6476;1,279;15,1047;15,3831;17,033;17,4513;17,1923;17,7249;18,5384;18,8831;19,3602;18,6171;18,978;19,1327;18,3562;17,5599;17,6099;16,3581;16,4912;16,0421;16,3525;16,6265;17,0577;16,7071;17,1163;17,4249
Italy;South Georgia and the South Sa;Import;Import Share in Total Products (%);;;;;;;;;;;;0,0413;;;;;;;0,0439;;;;;;0,0221;
Italy;Spain;Import;Import Share in Total Products (%);73,264;74,3205;77,5767;78,5003;79,2023;80,7427;84,2523;82,3158;83,877;82,606;82,064;83,1785;82,5057;84,7679;85,5679;84,7495;86,8089;87,4755;87,193;87,6178;88,185;89,1204;89,2348;89,5966;85,5595;89,311
Italy;Special Categories;Import;Import Share in Total Products (%);0,06;;0,061;;0,0204;0,142;;;;;;;;;;0,0436;;;0,0219;;;;;;0,0221;
Italy;Sri Lanka;Import;Import Share in Total Products (%);4,983;6,5148;6,7697;6,4824;6,3696;6,5341;7,6297;6,8783;7,2254;7,6319;7,7812;8,3591;8,8811;9,1741;8,7203;8,4532;8,5546;8,6038;7,9386;7,9553;8,0447;7,4797;7,9149;7,8246;8,138;8,7456
Italy;St. Kitts and Nevis;Import;Import Share in Total Products (%);0,04;0,02;0,0813;0,1016;0,0814;0,0406;0,061;0,0611;0,0206;0,1034;0,1032;0,0413;0,0824;0,1525;0,109;;0,0218;;0,0439;0,0219;0,0438;0,0439;0,0439;0,0441;;0,0442
Italy;St. Lucia;Import;Import Share in Total Products (%);0,06;0,04;0,0203;;0,0204;0,0609;0,0814;0,0407;0,0619;0,2275;0,2477;0,1032;0,2267;0,0872;0,0872;0,0436;0,0871;0,1307;0,0439;0,1753;0,1315;0,1316;0,1096;0,1102;0,1769;0,0663
Italy;St. Vincent and the Grenadines;Import;Import Share in Total Products (%);0,1201;;0,122;0,1422;0,0611;0,0812;0,061;0,1628;0,1239;0,0827;0,1651;0,1238;0,1648;0,2833;0,1308;0,0436;0,1306;0,1525;0,0658;0,3068;0,1534;0,1755;0,1316;0,0661;0,1327;0,1104
Italy;Sudan;Import;Import Share in Total Products (%);;;;;;;;;;;;;;;;;;;0,5044;0,5479;0,5042;0,8116;0,6578;0,6612;0,7519;0,4417
Italy;Suriname;Import;Import Share in Total Products (%);0,1201;0,0799;0,0407;0,0203;0,0407;0,0609;0,061;0,0204;0,2684;0,2482;0,1858;0,2477;0,1648;0,2397;0,1744;0,1525;0,0871;0,3049;0,1316;0,3945;0,285;0,3948;0,3289;0,1543;0,4865;0,4859
Italy;Sweden;Import;Import Share in Total Products (%);39,984;42,2062;42,9559;43,8732;44,6886;45,4748;50,1729;48,7586;48,9265;47,0527;47,3684;48,483;49,4952;51,6017;51,5588;50,5882;52,6992;51,8623;51,7982;52,4655;51,7755;53,345;53,519;54,1327;49,1597;58,3039
Italy;Switzerland;Import;Import Share in Total Products (%);67,0402;66,4468;65,8874;66,0841;66,1986;66,5787;67,0804;67,4196;67,0314;66,1013;65,7379;65,16;65,5471;65,1776;64,4648;63,3115;62,7775;62,8403;62,0614;61,5385;61,4423;62,0311;61,6312;61,4062;61,3667;60,5565
Italy;Syrian Arab Republic;Import;Import Share in Total Products (%);2,1013;2,518;2,5818;2,6417;3,0729;3,9367;4,7202;4,7823;5,1817;5,0879;5,8824;6,7492;6,4702;5,949;5,799;5,5991;6,2037;6,0335;3,9474;2,2573;1,0083;0,9871;0,8112;0,9037;0,8182;1,5018
Italy;Tajikistan;Import;Import Share in Total Products (%);0,4203;0,3397;0,3456;0,3861;0,4477;0,5073;0,4273;0,5902;0,6813;0,4757;0,289;0,5366;0,4121;0,7191;0,3924;0,6754;0,6095;0,4139;0,4167;0,5698;0,5261;0,351;0,5043;0,4408;0,5529;0,3754
Italy;Tanzania;Import;Import Share in Total Products (%);1,721;1,6787;1,4637;1,4428;1,5873;1,461;1,4852;1,628;1,7341;1,7787;1,5273;1,259;1,6897;1,569;1,417;1,2636;1,3714;1,5029;1,3816;1,4683;1,3152;1,3599;1,162;1,058;1,2384;1,0822
Italy;Thailand;Import;Import Share in Total Products (%);19,6718;20,9233;21,0409;21,8248;23,4025;23,3969;24,0692;23,9316;26,3212;26,8666;28,4623;28,9577;29,7754;29,963;29,4746;28,3442;28,4937;28,8608;28,4211;27,6792;28,4963;28,6686;28,9629;28,499;29,5666;29,439
Italy;Togo;Import;Import Share in Total Products (%);0,5203;0,4197;0,4879;0,5893;0,6716;0,5276;0,7121;0,9565;0,7019;0,91;0,8462;0,6398;0,8448;0,5012;0,545;0,3268;0,283;0,4574;0,3947;0,4821;0,3946;0,5484;0,4824;0,4629;0,575;0,53
Italy;Tokelau;Import;Import Share in Total Products (%);;;;;;;;;;0,6412;0,1858;0,2477;0,1855;0,1961;0,3706;0,2397;0,5224;0,3049;0,1754;0,2411;0,1315;0,1097;0,1096;0,022;0,0663;0,1325
Italy;Tonga;Import;Import Share in Total Products (%);0,04;0,02;;0,0203;0,0407;0,2841;0,061;0,0204;0,0826;0,4343;0,2477;0,3096;0,1648;0,1525;0,1308;0,1089;0,1524;0,0871;0,2412;0,0438;;0,0219;0,0439;0,0882;0,4644;0,0442
Italy;Trinidad and Tobago;Import;Import Share in Total Products (%);0,4203;0,3397;0,6302;0,4267;0,5495;0,8523;0,7935;0,9361;0,7225;0,7653;0,5986;0,5986;0,7006;0,7191;0,6758;0,61;0,5442;0,8059;0,5482;0,789;0,6138;0,5264;0,5481;0,5951;0,9067;0,7951
Italy;Tunisia;Import;Import Share in Total Products (%);16,59;16,3269;18,0524;18,4515;19,2715;20,7995;20,8138;21,5303;22,1511;22,8542;23,8596;24,355;24,7476;26,1059;27,1855;26,9935;28,0366;27,5103;27,0833;26,0355;27,4222;26,6506;26,7485;26,0084;26,1168;26,2588
Italy;Turkey;Import;Import Share in Total Products (%);25,6154;25,6595;29,5792;31,9854;34,9817;36,0187;37,0295;39,2145;41,5566;43,6194;46,3571;48,4623;49,3921;51,1222;50,5559;49,5207;51,0013;52,0584;53,3553;52,838;54,121;54,9243;55,0537;55,7417;56,789;57,6634
Italy;Turkmenistan;Import;Import Share in Total Products (%);0,4803;0,8793;0,2236;0,3048;0,407;0,4261;0,5493;0,6309;0,8258;0,5584;0,8462;0,5573;0,5976;0,5012;0,3924;0,305;0,4571;0,6099;0,4605;0,5041;0,3507;0,329;0,4604;0,6833;0,3317;0,6405
Italy;Turks and Caicos Isl.;Import;Import Share in Total Products (%);0,06;;0,0203;0,061;;;;0,0407;1,8993;1,758;1,3209;0,9082;0,8242;0,4794;0,327;0,0871;0,1306;0,0871;0,1535;0,0219;0,0438;0,0877;0,0877;0,1102;0,0442;0,0442
Italy;Tuvalu;Import;Import Share in Total Products (%);;;0,0203;;;0,5073;0,061;;0,1858;0,1034;0,0826;0,4128;0,2885;0,0218;0,109;0,0218;0,0435;0,0218;;0,0657;;;;0,022;0,0663;0,0221
Italy;Uganda;Import;Import Share in Total Products (%);0,5203;0,3397;0,4269;0,4471;0,4884;0,4464;0,8749;0,814;0,8051;2,0062;0,9082;0,7018;0,6594;0,8281;0,872;0,8497;0,9795;0,9584;0,7237;0,7451;0,9864;0,658;0,7455;0,8155;0,9288;1,0601
Italy;Ukraine;Import;Import Share in Total Products (%);7,7647;8,713;8,1927;8,6974;9,707;10,2476;10,0916;11,1518;12,2832;12,4716;13,4365;13,3953;15,7841;14,9052;15,2605;14,3355;14,1707;13,8532;13,7939;15,0778;14,3358;13,8627;14,4486;15,9136;17,5807;18,1316
Italy;United Arab Emirates;Import;Import Share in Total Products (%);7,2243;7,6139;8,1521;9,0022;10,2157;10,9172;11,6378;11,4367;12,0562;13,4643;14,6749;15,1084;15,6398;16,0819;17,0046;16,9063;15,5202;16,1621;18,0044;18,4528;19,772;20,2237;19,6448;21,0051;21,4065;22,5486
Italy;United Kingdom;Import;Import Share in Total Products (%);82,6896;83,3733;85,5865;84,9218;84,6561;85,5114;87,8942;86,7725;86,891;84,7983;84,4788;84,582;83,845;85,2473;85,2191;85,0763;86,4824;86,5824;85,9868;86,6316;86,9575;86,7515;88,007;87,5689;83,1048;85,667
Italy;United States;Import;Import Share in Total Products (%);72,2834;72,2822;73,4092;74,3751;73,6264;73,6607;74,4049;74,2979;74,6903;74,0021;73,6223;73,6223;73,3155;73,5236;73,7519;71,2854;72,6818;72,9689;73,0702;71,9044;72,4025;73,1081;72,813;73,6831;73,5073;74,2933
Italy;United States Minor Outlying I;Import;Import Share in Total Products (%);;;;;;;0,1628;;0,0206;0,0207;0,0826;0,0206;0,0412;;0,0872;0,0654;0,0218;0,0436;;;0,0219;0,0658;0,0439;;0,0221;0,0221
Italy;Unspecified;Import;Import Share in Total Products (%);42,3854;32,6938;48,2415;50,1931;49,7761;53,125;6,1851;5,9626;5,5326;4,7983;3,3643;4,2312;4,4921;3,9878;4,0549;4,2484;3,8746;4,0514;2,8289;4,0105;4,7348;4,8476;3,3984;4,298;16,3644;14,9072
Italy;Uruguay;Import;Import Share in Total Products (%);2,4415;2,9576;3,1917;3,2717;3,195;3,7338;3,825;3,5002;3,8811;4,5708;4,8297;4,6233;4,286;4,3365;3,7715;3,0937;2,8951;3,289;3,0482;2,6737;2,6523;2,7857;2,6091;2,9535;2,6095;2,9373
Italy;Us Msc.Pac.I;Import;Import Share in Total Products (%);0,04;0,06;0,122;0,2642;0,1018;0,0812;;;;;;;;;;;;;;;;;;;;
Italy;Uzbekistan;Import;Import Share in Total Products (%);0,5803;0,7194;0,3456;0,4471;0,5902;0,8523;0,9156;1,8112;1,8167;1,7994;1,0939;1,0526;1,0715;1,0678;1,0028;0,7843;0,8707;0,7406;0,8772;0,8766;0,7891;1,009;1,0963;1,08;1,2163;1,6343
Italy;Vanuatu;Import;Import Share in Total Products (%);0,02;;0,0203;0,0406;0,1018;0,0609;0,061;0,1425;0,0413;;0,0413;0,0413;0,2061;0,0872;;0,0436;0,0218;0,0436;0,0439;0,0219;0,0438;0,0219;0,0439;;0,0442;0,0221
Italy;Venezuela;Import;Import Share in Total Products (%);4,8829;;5,8142;5,9134;5,9829;6,7167;5,7579;5,8608;5,7597;5,6463;5,3664;5,1187;5,1102;4,0532;4,4037;3,9216;3,2651;2,7227;2,5439;2,4764;2,0386;1,8864;1,6882;1,7633;1,8797;1,7447
Italy;Vietnam;Import;Import Share in Total Products (%);3,6222;;5,245;5,8931;8,0383;7,7313;8,9318;10,2361;11,6226;12,4922;12,9412;14,1176;15,3101;15,2975;17,0918;16,1002;17,3705;17,6432;18,8596;18,8253;20,4077;21,6495;21,925;23,1651;24,1707;24,9117
Italy;Wallis and Futura Isl.;Import;Import Share in Total Products (%);0,3402;;0,0407;0,0203;0,0814;0,0203;0,0203;0,0611;0,0413;0,0207;0,0206;0,0206;0,0206;0,1307;;;;;0,0439;;;;0,0219;;;
Italy;Yemen;Import;Import Share in Total Products (%);0,4403;0,02;0,4472;0,9144;0,6919;0,7102;1,058;1,1396;1,3212;1,0755;0,9288;0,9701;1,0715;1,0242;1,0028;0,6754;0,7619;0,7188;0,4167;0,5917;0,5261;0,5045;0,2631;0,2865;0,3759;0,4417
Italy;Zambia;Import;Import Share in Total Products (%);0,4403;;0,5489;0,5893;0,4681;0,5276;0,5697;0,6512;0,6193;0,5791;0,7843;0,6811;0,7212;0,8063;0,6976;0,3486;0,3483;0,5228;0,4167;0,5041;0,5042;0,5484;0,5262;0,4408;0,4202;0,53
Italy;Zimbabwe;Import;Import Share in Total Products (%);1,5209;;1,8296;1,8899;1,9943;1,9481;1,8718;2,1571;1,7341;1,2203;1,3622;1,1146;0,8036;0,7845;0,5668;0,3704;0,5007;0,5445;0,5044;0,6355;0,4822;0,6361;0,6358;0,4408;0,4423;0,6405
